Rate (Hz),ISI mean (ms),ISI std  (ms),PD,STIMU
7.75,134.4918,31.8023,0,1
6.75,154.615,64.5546,0,1
6.875,145.47,36.6565,0,1
6.75,147.4788,26.4668,0,1
6.25,153.9408,48.3909,0,1
6.125,147.3728,35.4049,0,1
6.125,141.7417,39.7721,0,1
6.75,128.0442,26.3289,0,1
6.875,134.8657,34.3346,0,1
5.5,178.365,50.6404,0,1
6.75,149.7193,42.3383,0,1
6.125,177.4942,65.6264,0,1
6.625,146.3452,50.3795,0,1
5.625,147.8887,34.9946,0,1
6.625,141.7483,41.567,0,1
6.875,135.1773,36.3629,0,1
5.875,161.7033,52.1664,0,1
6.25,148.2488,36.3178,0,1
6.25,142.619,40.8274,0,1
6.375,160.1277,46.3249,0,1
6.75,145.642,42.7739,0,1
6.875,134.716,35.1763,0,1
6.5,145.4567,48.9101,0,1
5.375,157.2333,49.5161,0,1
5.5,150.6357,38.0309,0,1
6.625,142.0923,34.9854,0,1
6.5,143.8198,37.3547,0,1
6.875,161.5373,45.6756,0,1
6.5,146.7108,47.1654,0,1
6.25,144.9932,41.5714,0,1
6.25,135.7207,22.789,0,1
6.75,145.3862,34.4707,0,1
6.5,157.3647,47.7658,0,1
6.5,148.1557,43.0431,0,1
6.5,141.6258,45.9963,0,1
5.75,157.5683,50.7894,0,1
5.875,137.0468,32.6234,0,1
6.25,145.2458,34.1509,0,1
7,128.4962,29.8522,0,1
5.875,139.763,33.156,0,1
6.75,142.1387,37.3855,0,1
6.625,145.1582,36.703,0,1
6.5,140.6987,31.9583,0,1
6.125,149.3532,39.4396,0,1
6.5,147.509,34.1585,0,1
5.75,159.8498,40.2333,0,1
6.25,140.8985,41.8811,0,1
4.125,168.3675,68.815,0,1
6.125,168.3433,60.127,0,1
5.75,163.6393,46.3761,0,1
6.5,145.3602,35.1155,0,1
5.625,179.8407,83.7539,0,1
6,161.307,49.1559,0,1
7.75,133.3273,36.5121,0,1
5.875,132.681,33.5628,0,1
6.875,131.9592,29.8557,0,1
6.25,149.6098,41.8569,0,1
6.5,136.4463,33.3747,0,1
6.125,159.8317,36.2816,0,1
7.625,133.012,37.8362,0,1
6.875,135.6125,34.2184,0,1
6.125,161.7628,63.4545,0,1
5.875,146.7317,27.1119,0,1
6.125,164.0558,44.7219,0,1
6,157.9483,50.7872,0,1
6.625,144.9375,39.7326,0,1
6.375,153.464,47.2353,0,1
6.625,135.488,32.3077,0,1
6.875,155.9315,53.5074,0,1
6.25,137.2638,37.3051,0,1
5.875,151.0743,45.0206,0,1
6.5,156.5045,36.662,0,1
6.75,145.727,37.2552,0,1
5.875,148.3783,41.4206,0,1
7.25,151.2633,40.3949,0,1
6.25,132.9833,41.7589,0,1
7,137.0205,39.7108,0,1
7.25,143.5152,34.1829,0,1
7,135.0415,33.2205,0,1
6,166.5112,50.3632,0,1
6.25,146.6098,45.8098,0,1
6.5,144.4265,44.4389,0,1
7.5,141.2102,40.3908,0,1
6.75,151.4333,41.113,0,1
7.25,143.2488,33.1823,0,1
6.375,140.7737,24.7561,0,1
6.5,139.861,31.6342,0,1
6.625,140.9897,35.743,0,1
6.75,133.3745,39.6803,0,1
6.625,136.541,37.4658,0,1
6.125,153.4785,47.7946,0,1
6,140.676,36.3395,0,1
6.75,133.2945,35.3329,0,1
7.25,137.7388,34.2962,0,1
5.25,150.494,39.4822,0,1
6.875,132.4645,24.8023,0,1
6.75,148.956,47.4871,0,1
5.75,155.5962,44.087,0,1
5.875,141.6015,37.0554,0,1
6.375,143.3172,52.1942,0,1
6,133.7635,40.5878,0,1
5.75,155.7027,47.8736,0,1
5.75,135.7017,41.0494,0,1
7.25,132.4773,32.2061,0,1
7.375,143.283,44.8226,0,1
5,169.6658,54.6917,0,1
6.375,145.297,33.2419,0,1
6.75,159.0075,35.2301,0,1
6.625,140.7595,37.1525,0,1
6.25,132.1193,41.8654,0,1
6.25,157.0042,33.0393,0,1
7,134.9947,40.8198,0,1
6.5,145.3077,44.6089,0,1
6.875,156.9043,54.047,0,1
6.75,133.8362,35.019,0,1
6.25,132.237,40.3803,0,1
6.25,133.1038,33.9957,0,1
6.5,175.2252,44.688,0,1
6.25,146.8738,42.4216,0,1
6.5,140.032,40.5616,0,1
7.375,140.4127,46.8263,0,1
6.75,142.5795,40.3631,0,1
6.625,151.9337,41.3037,0,1
6.125,138.3215,33.3148,0,1
5.875,147.9705,41.5526,0,1
6,141.3558,37.0808,0,1
6.5,145.1887,43.658,0,1
6,150.9383,44.0543,0,1
6.375,138.8622,41.9314,0,1
6.375,151.993,40.1897,0,1
6.75,152.851,43.9643,0,1
6.5,162.952,48.8629,0,1
7.625,139.182,32.6221,0,1
6.75,141.6833,33.8504,0,1
6.75,130.3932,27.9651,0,1
7,152.7678,46.5024,0,1
5.875,158.4612,50.9522,0,1
5.375,171.7625,47.7515,0,1
6.375,157.7673,50.9526,0,1
5.875,198.9467,64.1593,0,1
5.75,188.5822,70.8549,0,1
6.375,144.7987,38.4964,0,1
6,136.607,26.6182,0,1
6.625,142.7337,40.6209,0,1
5.625,168.4022,40.2097,0,1
6.5,139.6287,39.1143,0,1
5.625,134.3972,35.9123,0,1
6.75,162.5332,59.8127,0,1
6.75,134.6623,33.886,0,1
6,133.3627,28.3267,0,1
6.375,147.8465,27.9461,0,1
6.25,158.819,52.7389,0,1
6,136.1442,36.5531,0,1
6.75,161.5492,52.4631,0,1
6.875,146.3863,45.5872,0,1
6.25,133.572,30.8839,0,1
7.625,139.6532,29.9318,0,1
7.75,138.8953,40.4612,0,1
5.875,147.6367,41.4066,0,1
4.875,132.4658,36.3103,0,1
6.25,154.8802,43.9011,0,1
6.625,133.648,29.675,0,1
6.125,151.1218,39.3404,0,1
6.125,136.0657,39.332,0,1
6,149.2803,42.8207,0,1
5.875,140.8195,40.9749,0,1
4.875,163.6317,41.6509,0,1
7,149.2213,45.6912,0,1
6.25,163.0138,51.5767,0,1
6.5,143.1435,36.8944,0,1
5.375,149.3387,29.2479,0,1
6.875,158.2675,46.7317,0,1
5.75,141.1783,31.68,0,1
5.625,147.16,43.8303,0,1
6.625,132.7218,40.0581,0,1
6.625,142.3353,38.0351,0,1
7.125,145.8332,40.9095,0,1
6.625,138.2502,27.4168,0,1
6.375,138.9627,32.7182,0,1
6.25,148.2792,41.6159,0,1
7,154.2993,45.598,0,1
6.625,132.6977,27.5349,0,1
6.25,143.1315,42.8806,0,1
6.375,152.0747,49.8465,0,1
6.75,135.9457,45.214,0,1
7.125,148.8135,47.0037,0,1
7,135.9028,24.1424,0,1
7,134.341,36.894,0,1
6.875,137.0558,42.3425,0,1
6,140.0542,33.7883,0,1
5.625,149.775,49.0084,0,1
6,143.6297,44.6518,0,1
6.5,138.9525,31.6164,0,1
5.75,182.9255,62.8568,0,1
6.125,139.519,43.0019,0,1
6.5,135.8343,35.8805,0,1
5.875,151.1873,59.5421,0,1
6,167.4848,63.3582,0,1
5.5,127.0363,32.1164,0,1
7,146.01,38.2868,0,1
5.625,152.4067,38.5258,0,1
6.875,149.9205,45.5801,0,1
6.875,151.3477,43.579,0,1
6.125,145.2192,33.9319,0,1
6.125,147.8078,52.7881,0,1
6.625,145.8305,33.8249,0,1
7,144.2903,38.4462,0,1
6.875,142.6797,45.1582,0,1
6.375,139.3697,51.3359,0,1
7,152.4158,42.3369,0,1
6.125,146.3502,41.4232,0,1
6.375,151.6803,59.8025,0,1
7.75,132.7553,34.1472,0,1
5.875,169.5825,56.3965,0,1
7.125,141.0918,41.6108,0,1
6.375,138.19,36.4671,0,1
5.75,157.9995,49.5995,0,1
5.25,159.2967,43.5217,0,1
6.125,139.932,34.8819,0,1
6.5,135.323,40.5498,0,1
7.25,141.2463,45.6976,0,1
6.875,154.2905,54.8136,0,1
7,151.1487,49.1948,0,1
6.375,139.5405,33.5209,0,1
5.5,167.2375,46.1784,0,1
6.75,138.9612,41.047,0,1
5.5,196.9525,84.523,0,1
6.75,131.0155,31.9237,0,1
6.375,156.6745,45.0612,0,1
6.875,132.028,33.9282,0,1
7,137.1312,29.5349,0,1
6.75,134.6973,31.7404,0,1
6.375,136.9297,37.7611,0,1
7.25,137.8183,43.3141,0,1
6.375,164.2662,65.1629,0,1
6.25,139.0932,33.7863,0,1
6.875,131.9698,30.5412,0,1
6.125,140.6717,33.5272,0,1
7,140.698,47.0652,0,1
6.25,147.9417,46.005,0,1
6.625,147.7003,44.7191,0,1
6.25,143.0355,40.0172,0,1
6.25,141.1415,34.6369,0,1
6.625,133.1585,35.6847,0,1
5.875,169.2348,62.7599,0,1
5.875,138.8388,41.3621,0,1
6.375,145.1497,40.9336,0,1
6,159.0568,39.8371,0,1
6.125,142.7417,32.7669,0,1
5.875,158.3942,35.8014,0,1
7.125,148.6268,37.2849,0,1
6.5,137.1075,36.0964,0,1
4.5,268.3525,161.7711,0,1
5.75,145.0958,42.4929,0,1
6.625,141.1408,38.4869,0,1
6.875,133.9078,36.773,0,1
6.25,146.2887,33.6932,0,1
6.25,144.0953,30.8951,0,1
7,137.1233,26.1131,0,1
4.75,199.3275,82.4269,0,1
6,187.332,70.8219,0,1
6.125,155.6682,53.4436,0,1
6.25,154.5338,45.8199,0,1
6.25,173.5645,63.8357,0,1
6.125,142.1087,32.8297,0,1
5.375,158.0633,41.0429,0,1
6.875,155.9295,66.346,0,1
6.875,141.8505,31.4132,0,1
5.375,141.4608,34.9177,0,1
5.75,150.866,51.7529,0,1
6.625,142.037,38.9323,0,1
6.25,151.8592,36.9691,0,1
6.5,150.9278,51.0374,0,1
6.5,137.2067,31.6947,0,1
5.75,164.5303,46.8756,0,1
6.375,130.9827,37.8298,0,1
6.25,150.1908,43.5779,0,1
6,136.3562,38.2683,0,1
7.125,146.1338,38.1847,0,1
6.5,149.6758,43.4724,0,1
6.75,153.2112,49.2639,0,1
5.875,144.566,42.3378,0,1
6.625,146.2473,40.6275,0,1
6,151.7517,36.0244,0,1
6.25,133.8512,33.7369,0,1
5.375,148.5078,28.0475,0,1
6.25,133.6563,33.0435,0,1
7,144.6567,39.7724,0,1
5.875,139.9638,26.3298,0,1
5.625,140.2237,43.4073,0,1
7,139.9898,40.5213,0,1
5.75,148.2495,47.5537,0,1
6.375,142.4823,40.4679,0,1
7,151.3137,43.1223,0,1
6.25,145.2358,51.0103,0,1
6.75,158.4893,48.696,0,1
6.375,175.2775,80.5402,0,1
6.75,136.5798,36.294,0,1
6.125,155.2763,56.5677,0,1
7.125,144.0493,36.5967,0,1
7.125,154.671,49.6103,0,1
6.25,138.0127,32.5507,0,1
6.375,149.5565,33.1751,0,1
5.875,134.9672,34.6001,0,1
6.375,139.2745,32.6818,0,1
7.75,135.0892,38.081,0,1
6,137.8117,36.6733,0,1
6,138.8417,27.1585,0,1
6.25,136.43,34.2023,0,1
7,153.707,54.3001,0,1
6.375,135.6982,31.9049,0,1
5.625,150.497,43.2099,0,1
6.625,146.463,37.686,0,1
6.375,144.6053,39.1883,0,1
6.375,152.0693,36.9503,0,1
5.875,142.2475,39.2368,0,1
6.875,148.9408,40.0859,0,1
6.875,132.0047,36.4442,0,1
6.625,127.8437,30.0853,0,1
7.125,129.325,33.0959,0,1
6.25,151.8453,41.3438,0,1
5.625,186.975,64.4117,0,1
6.75,147.6112,42.4052,0,1
6.625,148.849,45.6689,0,1
6.625,137.153,38.8642,0,1
6.875,149.7102,37.6279,0,1
5.625,167.6973,67.3748,0,1
6.25,155.2328,49.1787,0,1
6.375,142.5382,30.951,0,1
6.625,140.8515,31.6416,0,1
6.25,140.2702,32.292,0,1
7,131.3827,32.2984,0,1
6.75,145.3807,50.875,0,1
6.125,138.7175,31.9748,0,1
6.375,139.6992,39.674,0,1
6.375,172.816,49.5338,0,1
6.375,142.2425,35.2223,0,1
6,145.0205,46.284,0,1
6.875,145.6942,35.8576,0,1
5.875,147.335,42.1348,0,1
6.875,142.0868,39.9717,0,1
6,160.412,51.1134,0,1
6.375,135.2708,37.0333,0,1
5,168.4517,54.9411,0,1
6.25,143.0072,31.3698,0,1
6.375,143.1158,26.8976,0,1
6.375,138.2683,27.5267,0,1
6,150.0845,47.6701,0,1
6.75,145.137,41.7426,0,1
6.625,153.318,47.9506,0,1
5.875,163.388,46.9012,0,1
5.625,134.9572,31.0572,0,1
6.875,147.4513,40.0601,0,1
6.5,142.2697,27.9142,0,1
6,147.7912,46.541,0,1
5.75,137.9223,30.2768,0,1
6.5,141.5068,40.1514,0,1
6.875,152.214,43.2134,0,1
6.625,158.2657,57.2144,0,1
6.25,160.713,51.4057,0,1
6.25,168.6557,85.0004,0,1
6.375,148.9153,45.1962,0,1
6.25,139.6215,35.6513,0,1
5.625,212.183,123.8505,0,1
6.625,146.1585,43.7283,0,1
6.75,162.784,54.3011,0,1
6.875,155.1073,45.0727,0,1
5.625,149.3288,42.5296,0,1
6.625,128.7268,38.5583,0,1
5.5,157.9675,44.3907,0,1
6,139.4455,36.0353,0,1
5.375,143.8785,30.4872,0,1
7,138.8817,33.2367,0,1
5.875,141.7,34.3535,0,1
7.5,140.7875,29.1819,0,1
6.75,154.2223,49.1797,0,1
5.75,160.7723,55.024,0,1
5.625,152.9722,53.4708,0,1
5.5,153.2173,24.2976,0,1
5.75,156.5738,48.7766,0,1
6.625,152.0265,56.4853,0,1
6.5,150.3923,41.8326,0,1
5.375,145.9757,35.3688,0,1
6.75,149.936,43.8312,0,1
6.75,134.672,30.5378,0,1
6.5,136.3585,32.8622,0,1
6.625,135.2718,41.2421,0,1
6.25,144.2527,41.4061,0,1
7.125,135.6878,31.9227,0,1
5.25,152.245,43.6517,0,1
6.375,143.7073,37.7203,0,1
6.25,145.35,30.2782,0,1
6.5,138.5925,36.5479,0,1
5.875,144.9482,33.6843,0,1
6.75,136.2672,30.4382,0,1
6,139.3908,38.6269,0,1
6,126.0943,28.0988,0,1
6.125,150.4052,53.3244,0,1
6.625,163.3487,43.6062,0,1
6.75,154.6048,42.9538,0,1
6.375,156.5648,42.7967,0,1
5.875,154.0923,45.6615,0,1
5.75,162.0467,48.3752,0,1
6.75,140.6802,45.6912,0,1
7.25,136.1408,42.742,0,1
7.25,139.2537,37.837,0,1
6.75,130.277,36.0344,0,1
6.625,130.6335,34.9319,0,1
6,153.1698,39.6714,0,1
6.875,139.2555,36.6636,0,1
5.875,161.7578,39.3402,0,1
6,149.4968,25.5124,0,1
6,143.4487,35.7661,0,1
4.875,178.7508,46.3679,0,1
5.5,164.8158,52.4248,0,1
6.625,160.0692,64.2379,0,1
6.625,148.1455,35.1844,0,1
6.75,133.5353,36.1849,0,1
6.875,149.2815,45.1532,0,1
6.875,144.9332,41.6539,0,1
7,150.1098,40.2303,0,1
7,129.4385,34.8375,0,1
7.375,145.8988,43.8316,0,1
6.125,155.21,53.8144,0,1
6.75,135.1712,29.0652,0,1
5.5,138.8425,29.7436,0,1
6.5,137.0527,41.2691,0,1
6.75,154.914,32.5288,0,1
5.375,139.505,32.2705,0,1
6.25,137.2827,35.9522,0,1
7,145.4,32.6152,0,1
6.75,150.1928,52.6187,0,1
6.625,132.9227,31.0374,0,1
6.625,164.427,52.8257,0,1
7.25,146.7607,41.7759,0,1
5.875,140.6248,29.3067,0,1
6.625,139.0897,32.0976,0,1
7.25,141.9707,52.6566,0,1
7.25,145.8368,46.8888,0,1
5.625,148.9143,41.5027,0,1
6.75,141.6835,36.8729,0,1
6.125,142.3075,49.3228,0,1
6.25,146.9563,41.9198,0,1
6.375,150.8888,42.4757,0,1
6.75,140.0827,40.8404,0,1
5.5,155.0142,47.4836,0,1
4.875,142.7708,36.0032,0,1
5.375,163.546,30.4115,0,1
5.75,196.48,83.2127,0,1
6.25,144.946,34.0726,0,1
5.25,164.4868,63.5467,0,1
5.375,152.5048,48.9361,0,1
7.125,146.2372,44.5818,0,1
7.75,128.1773,31.1571,0,1
6,147.3382,35.6059,0,1
6,152.8753,46.0089,0,1
6.75,152.9105,38.6479,0,1
6.25,134.9515,35.5607,0,1
4.125,203.0617,70.5786,0,1
5.5,174.775,41.6829,0,1
5.875,147.226,33.3638,0,1
6.25,143.791,36.3669,0,1
6.875,149.068,48.8681,0,1
6.875,149.9852,44.0655,0,1
6.375,141.8773,34.6468,0,1
6.375,142.7902,40.8105,0,1
5.375,180.1912,73.6771,0,1
5.5,155.7213,40.3663,0,1
6.125,146.1905,37.5132,0,1
6.625,149.6435,45.4567,0,1
6.125,140.1868,35.9103,0,1
7.375,133.387,33.9535,0,1
6.5,154.6992,38.9768,0,1
6.75,138.9759,38.1119,0,1
7,158.147,50.6113,0,1
6.75,137.9895,36.5726,0,1
5.875,153.1648,46.852,0,1
5.875,161.4112,62.2521,0,1
6,138.2327,41.6161,0,1
5.75,148.9828,38.8009,0,1
6.75,136.1458,35.9364,0,1
6.875,131.2318,35.9784,0,1
4.875,181.9658,59.5486,0,1
5.625,135.9848,25.5492,0,1
6.25,147.9338,37.0444,0,1
5.5,146.8842,31.3995,0,1
6.125,144.4597,31.8262,0,1
7.25,135.344,41.7812,0,1
6,138.919,30.4667,0,1
5.625,183.8958,43.8446,0,1
7.375,126.4145,32.017,0,1
5.5,163.0653,45.6701,0,1
5.625,171.144,45.1021,0,1
4.125,180.3517,45.4639,0,1
3.875,193.0417,66.2435,0,1
5.125,150.6728,45.5896,0,1
6.25,151.5477,55.6797,0,1
6.25,139.8838,38.9481,0,1
5.875,158.3318,39.3617,0,1
6,144.8207,38.7339,0,1
6.625,129.1407,31.159,0,1
6.375,156.336,41.5303,0,1
6.625,132.3383,32.5087,0,1
6.25,139.8003,28.1887,0,1
5.5,145.045,31.5351,0,1
6.125,154.915,35.7071,0,1
6.875,147.3245,35.2914,0,1
6.875,128.7025,31.3134,0,1
6.625,132.0977,38.7932,0,1
6.375,140.2688,38.6331,0,1
7,156.3235,42.0836,0,1
6,160.8052,38.8392,0,1
5.875,157.3012,46.8244,0,1
7,148.2325,40.2182,0,1
6.125,132.1838,35.4035,0,1
6.125,148.3803,50.7665,0,1
5.625,165.9063,51.9855,0,1
7.625,139.1703,37.0379,0,1
6.125,154.2818,55.7975,0,1
6.25,149.1428,31.5158,0,1
5.875,141.4907,44.265,0,1
6.375,151.4672,48.2146,0,1
6.375,132.4507,34.3187,0,1
6,148.809,36.3227,0,1
6.75,143.9718,44.4975,0,1
7.5,141.5247,39.7151,0,1
5.875,148.8317,44.0679,0,1
5.875,135.9007,30.8297,0,1
5.625,145.4858,44.5872,0,1
6,135.6228,31.648,0,1
6.5,160.8545,28.6207,0,1
7.25,137.2915,34.1744,0,1
7.125,153.009,55.0997,0,1
6.125,143.36,33.1957,0,1
6.25,132.5155,30.39,0,1
6.625,128.1172,36.0842,0,1
5.75,152.467,47.1016,0,1
7,150.5417,41.929,0,1
7,141.9552,47.8407,0,1
7.125,147.385,47.8931,0,1
6,142.7625,30.9666,0,1
5.625,158.4158,41.7665,0,1
6,145.7972,46.2608,0,1
6.25,154.1827,40.2765,0,1
6.5,141.063,42.4731,0,1
6.375,144.8297,44.7337,0,1
6.375,145.5988,49.2374,0,1
6.5,147.6193,37.5006,0,1
5.875,140.1835,34.5934,0,1
6.25,145.9022,28.9425,0,1
6.5,170.177,53.1559,0,1
5.5,138.0927,38.2603,0,1
7,139.0458,43.6874,0,1
7.375,142.3844,40.0253,0,1
6.875,154.5288,37.6973,0,1
6.625,141.244,36.0632,0,1
5.875,158.72,59.2969,0,1
6.5,135.808,31.573,0,1
5.875,149.1472,42.532,0,1
6.625,161.6048,61.865,0,1
6,136.943,37.6207,0,1
5.875,181.5587,74.2967,0,1
5.875,148.4537,50.7361,0,1
6.375,135.9678,39.3958,0,1
6.875,133.32,38.7846,0,1
5.5,148.615,44.4888,0,1
5.875,150.3108,40.4944,0,1
6,154.67,33.9544,0,1
6.625,144.3237,39.4268,0,1
5.875,127.9125,20.8622,0,1
6.375,164.024,49.4901,0,1
5.625,140.448,24.5899,0,1
7,128.8218,32.8688,0,1
6.375,152.3187,44.929,0,1
6.125,144.3008,33.8985,0,1
7,145.9535,42.2254,0,1
6.375,163.6085,32.5291,0,1
6.625,133.0948,38.9788,0,1
6.75,142.6347,47.6998,0,1
7.25,138.1738,38.8903,0,1
7,144.3005,51.3023,0,1
6.625,146.1562,34.8892,0,1
6.5,165.2725,41.6234,0,1
5.875,172.8878,54.0463,0,1
5.375,153.4682,46.9368,0,1
6.25,143.1972,36.7235,0,1
6.75,147.5985,32.0768,0,1
7.125,143.6243,47.4494,0,1
6.375,135.9788,34.2928,0,1
6.625,139.1215,38.322,0,1
6.125,157.7767,47.3222,0,1
6.25,156.7622,41.8278,0,1
5.75,154.0438,53.4569,0,1
7,142.4177,36.1588,0,1
6.375,150.0685,36.3548,0,1
6.25,144.9583,30.755,0,1
6.125,156.1817,41.3666,0,1
6.875,136.2115,40.8483,0,1
6.75,141.2358,40.4205,0,1
6.375,133.0015,32.0068,0,1
7,145.8403,45.6063,0,1
6.25,137.5907,32.5497,0,1
6.75,127.3167,33.5448,0,1
6.375,136.8565,39.3847,0,1
6.25,142.8007,40.7776,0,1
6.625,160.7732,51.2694,0,1
5.875,160.7783,38.2549,0,1
6.5,139.3613,32.8546,0,1
6.75,136.4575,38.1995,0,1
6.25,144.8175,34.169,0,1
7,147.0282,51.8634,0,1
6.375,154.929,52.3447,0,1
6.375,156.8777,42.2337,0,1
6.125,139.41,33.0006,0,1
6.5,153.5797,46.6414,0,1
6.125,142.366,41.3421,0,1
6.125,145.9128,45.3446,0,1
7.125,137.0615,34.282,0,1
7.25,143.961,40.0695,0,1
6.875,156.5393,43.6405,0,1
6.25,130.5943,39.9761,0,1
6.25,139.389,37.8728,0,1
6.5,134.5617,37.3598,0,1
6.125,151.0538,40.4691,0,1
7.25,141.0502,42.7577,0,1
7,150.6233,47.8855,0,1
6.625,138.7465,36.2621,0,1
6.125,154.5907,36.5431,0,1
6.5,154.1572,45.4649,0,1
6.75,139.531,36.9383,0,1
6.75,157.6435,55.1089,0,1
6.5,147.641,45.2821,0,1
7,128.3609,27.499,0,1
6.625,127.0283,30.209,0,1
6.5,167.4162,64.1637,0,1
6.875,132.4965,35.1061,0,1
6.875,150.5662,49.3667,0,1
7.125,137.6697,26.3699,0,1
6.875,156.524,47.8363,0,1
7,135.587,41.2691,0,1
7,128.364,26.8445,0,1
6.125,150.7715,46.302,0,1
5.625,150.1403,39.4629,0,1
6.375,131.5862,37.1419,0,1
7.25,143.679,40.3856,0,1
6.75,140.7383,29.2945,0,1
6.625,151.832,45.1597,0,1
5.875,150.1542,43.0658,0,1
5.75,138.1138,32.5702,0,1
6.125,151.1867,31.5153,0,1
4.25,161.6167,60.7466,0,1
7.375,128.4763,31.8151,0,1
6.625,146.017,45.2722,0,1
7.125,139.6995,39.5875,0,1
6.25,148.7863,46.1709,0,1
4.25,176.4875,41.0435,0,1
6.875,136.382,47.2066,0,1
6.5,140.0477,37.1716,0,1
7,136.5485,40.9293,0,1
5.75,162.424,59.9127,0,1
6.125,154.2322,51.8317,0,1
7.375,141.1227,42.8101,0,1
6.375,137.5057,38.6864,0,1
6.125,159.7332,47.3015,0,1
5.875,143.6943,39.0773,0,1
6.125,139.7985,42.2003,0,1
6.875,144.3253,31.2008,0,1
8,116.516,23.4004,1,1
8,115.0797,20.864,1,1
7.5,125.4872,27.3418,1,1
6.625,162.2775,68.9486,1,1
7.625,124.0339,27.6148,1,1
7.75,131.4533,31.9998,1,1
7.75,123.85,30.918,1,1
8.625,120.1075,25.3127,1,1
7.25,121.1208,28.631,1,1
7.75,119.4133,23.7576,1,1
8.25,117.7583,23.2127,1,1
8.5,118.832,28.2404,1,1
7.75,127.2657,25.3028,1,1
8.25,122.3688,33.1081,1,1
7.375,122.805,30.5572,1,1
7.875,115.046,26.716,1,1
8,111.8217,23.2825,1,1
7.375,122.1932,22.8368,1,1
8,118.3005,25.2963,1,1
8,123.5013,31.8121,1,1
8.375,116.4933,23.1586,1,1
8,123.3393,35.4223,1,1
7.375,128.5615,23.4405,1,1
7.25,127.5665,30.3981,1,1
8.375,113.1198,21.5275,1,1
7.375,127.0518,28.1177,1,1
8.125,123.9387,26.6869,1,1
7.5,127.2303,33.2857,1,1
8.25,126.0032,26.7834,1,1
8.75,115.1404,21.9612,1,1
7.125,134.7487,25.851,1,1
7.375,127.751,30.1461,1,1
8.875,113.9034,26.6572,1,1
9,112.8702,25.1516,1,1
7,138.3603,39.2999,1,1
8,117.2802,22.533,1,1
8.375,120.7558,24.1694,1,1
8.25,123.3664,28.5615,1,1
8,117.962,22.2608,1,1
8,126.7397,33.8073,1,1
7.25,135.6998,42.2496,1,1
8.125,122.7067,30.0074,1,1
7.25,130.746,30.5653,1,1
8.625,119.061,28.2094,1,1
7.625,126.2512,27.8489,1,1
8.125,127.844,31.9537,1,1
7.625,129.5078,25.0343,1,1
8.375,120.73,26.1922,1,1
8.25,118.1227,25.3725,1,1
9,114.8251,27.6812,1,1
8,126.898,26.6829,1,1
5.75,198.9342,90.8807,1,1
7.125,137.752,28.9661,1,1
7.75,125.8652,32.4755,1,1
8.375,123.0732,32.5389,1,1
7.5,127.8023,33.859,1,1
7.75,122.3297,24.5742,1,1
7.75,120.145,27.2297,1,1
7.625,127.8753,28.9023,1,1
8.25,119.71,23.4853,1,1
7.5,119.311,27.6795,1,1
8.5,120.2999,30.7726,1,1
7,133.6358,27.8393,1,1
8.5,121.5096,24.9488,1,1
8.375,121.576,27.4309,1,1
8,122.5804,25.0393,1,1
8.375,121.9173,31.4096,1,1
8.625,121.7041,26.1006,1,1
7.25,141.8725,38.5,1,1
8.625,118.2548,32.0633,1,1
8.375,117.3703,21.7609,1,1
7.5,128.0638,25.7107,1,1
7.5,130.8113,29.8491,1,1
7.375,118.0668,25.8793,1,1
7.5,126.1256,34.8095,1,1
7.125,136.7742,31.227,1,1
8,126.221,33.5142,1,1
6.875,153.351,53.9854,1,1
7.375,132.4533,39.78,1,1
7.75,123.1705,28.5736,1,1
8.5,116.537,25.0473,1,1
8.375,124.6964,28.9297,1,1
8,128.499,29.989,1,1
7.875,118.1777,23.6771,1,1
8,127.6605,22.7888,1,1
6.875,132.1632,21.9788,1,1
7.625,119.1982,27.3147,1,1
7.875,126.5817,28.299,1,1
8.5,115.3638,25.7599,1,1
7.375,124.833,32.838,1,1
7.375,138.5447,35.6863,1,1
9.125,116.218,27.4216,1,1
6.625,156.9142,34.9978,1,1
8,130.1129,28.9242,1,1
6.75,134.8325,24.4458,1,1
8.375,114.7095,23.2051,1,1
7.375,127.7822,30.5201,1,1
7.625,121.3195,28.2851,1,1
7.75,117.249,25.4605,1,1
7.375,129.0665,33.7058,1,1
8.375,117.9383,25.4924,1,1
7.625,143.4862,46.0223,1,1
8,116.659,22.376,1,1
7.5,119.8235,25.9572,1,1
7.625,129.0987,26.5025,1,1
7.875,119.6593,17.2993,1,1
8.375,118.3517,25.6918,1,1
7.625,129.1148,26.7738,1,1
6.625,165.1872,55.1675,1,1
7.5,134.0597,37.4456,1,1
8,117.9521,28.0895,1,1
8.5,116.8553,24.3962,1,1
8.625,112.7383,20.7695,1,1
6,177.143,84.3935,1,1
8.625,115.3486,22.6771,1,1
6.125,175.9743,65.9393,1,1
7.5,129.7498,36.2217,1,1
7.875,131.2643,30.2606,1,1
7.5,126.6462,31.9601,1,1
8,116.8673,26.4609,1,1
7.75,123.6813,26.5717,1,1
7.5,129.2455,36.7118,1,1
7.875,124.5175,31.846,1,1
8,123.06,26.7839,1,1
7.875,127.5835,31.462,1,1
7.875,122.977,22.6215,1,1
8.375,119.685,23.6631,1,1
8.375,116.36,21.486,1,1
7.625,128.384,26.9984,1,1
8.375,121.9949,29.4217,1,1
8,125.5684,27.3546,1,1
8.125,125.4803,29.6379,1,1
8,116.8687,27.794,1,1
7.375,129.0338,33.2629,1,1
7.375,130.5742,29.5983,1,1
7.875,124.6347,31.6135,1,1
8.5,118.0308,34.1985,1,1
8.875,115.5174,25.1648,1,1
7.875,129.3278,31.6098,1,1
8.125,127.7702,28.5937,1,1
7.5,136.8252,38.8703,1,1
7.75,130.3887,32.7326,1,1
7.625,119.7848,30.6307,1,1
7.75,123.7468,25.7312,1,1
7.875,117.2814,25.0522,1,1
6.375,166.0638,50.8427,1,1
7.25,127.6468,28.6888,1,1
7.75,127.6638,33.6992,1,1
7.625,125.7022,25.3239,1,1
7.125,140.3635,37.8154,1,1
8.25,122.9927,34.8966,1,1
7.75,122.8455,28.2766,1,1
8.375,124.2678,35.0979,1,1
7.75,122.6322,22.5221,1,1
7.875,120.5618,24.4907,1,1
7.5,123.234,28.8689,1,1
8.5,120.0691,21.176,1,1
6.875,144.974,35.5208,1,1
7.75,124.4552,25.6594,1,1
7.625,125.7518,30.5162,1,1
8.5,115.7482,20.601,1,1
7.75,120.4885,25.235,1,1
7.5,132.353,35.401,1,1
7.75,126.4517,33.2845,1,1
8.25,124.7477,30.9423,1,1
7.5,137.0565,33.8384,1,1
7.375,130.6443,35.4834,1,1
8.125,123.5917,28.8442,1,1
7.125,132.6775,35.831,1,1
7.25,127.6406,30.5661,1,1
7.25,129.7192,21.0002,1,1
7.75,129.0293,28.6398,1,1
7.875,124.7873,26.9779,1,1
6.75,134.7713,28.2686,1,1
8.125,126.254,28.8808,1,1
7.375,128.0442,27.0518,1,1
7.25,151.3192,55.3047,1,1
6.5,153.7545,46.5433,1,1
7.875,127.3967,36.1559,1,1
7.75,119.5228,22.6068,1,1
8,119.8847,24.7581,1,1
6.875,134.2968,34.8711,1,1
7.5,126.929,33.3584,1,1
8.125,127.1305,30.5136,1,1
6.625,139.301,30.3076,1,1
7.875,119.8792,26.7415,1,1
7.75,120.2448,24.3593,1,1
7.5,129.4983,38.6822,1,1
7.25,130.836,30.3299,1,1
8.375,115.4563,25.7248,1,1
8.125,117.9513,25.2288,1,1
8.75,111.5617,22.5321,1,1
6.5,155.8702,48.796,1,1
6.5,155.1508,57.267,1,1
8.125,120.058,27.3629,1,1
7.875,120.8158,28.4605,1,1
7.75,122.6425,26.8749,1,1
7.25,140.8078,35.3819,1,1
9.125,115.0518,29.9563,1,1
7.875,128.2392,33.3478,1,1
6.875,143.0033,41.1551,1,1
7.75,126.0662,31.7505,1,1
6,180.0708,71.1311,1,1
8.625,119.2559,28.6272,1,1
7.625,117.0517,21.3775,1,1
8,120.6052,26.9452,1,1
7.25,131.1243,28.6653,1,1
7.625,137.2055,41.3227,1,1
7.5,128.8577,30.0515,1,1
8,123.9997,29.7576,1,1
8.125,117.6802,27.0224,1,1
7.375,122.575,27.5788,1,1
8.125,121.4248,28.8194,1,1
7.625,124.7157,27.5804,1,1
9.5,110.1879,26.7484,1,1
7.75,123.6395,26.6399,1,1
8.125,121.246,25.1378,1,1
7.875,121.5813,25.9734,1,1
7.25,130.5605,30.7317,1,1
8.5,112.5706,26.0658,1,1
7.5,120.1235,28.0402,1,1
7.625,127.3497,29.7058,1,1
7.625,128.54,30.842,1,1
7.125,134.4352,30.1621,1,1
8.125,119.5,23.3247,1,1
8.25,119.9928,30.2251,1,1
7.25,130.7308,33.998,1,1
7.875,119.8712,24.465,1,1
8,122.0948,29.1495,1,1
8.25,117.3293,24.6146,1,1
7.5,125.5253,27.623,1,1
7.875,126.3068,29.8349,1,1
8.5,120.4576,27.4919,1,1
8.125,121.3153,31.0588,1,1
7.75,123.58,25.0746,1,1
8,121.071,26.9189,1,1
7.875,121.7445,26.4494,1,1
8.125,121.5177,26.3133,1,1
8.375,120.1305,25.1934,1,1
7.875,126.917,30.654,1,1
7.625,129.2577,32.6325,1,1
7.625,123.2678,32.9805,1,1
7.75,125.8507,29.7788,1,1
8,120.793,23.7687,1,1
7.5,132.4765,34.4949,1,1
8,119.6435,28.3081,1,1
7.375,128.324,34.9734,1,1
7.875,135.822,33.677,1,1
8.25,119.9876,19.9827,1,1
9.125,117.5839,23.4713,1,1
7.625,122.8071,24.066,1,1
6.625,162.0952,51.634,1,1
7.5,126.6433,22.2086,1,1
7.625,119.9393,27.751,1,1
8.375,119.5542,25.6354,1,1
8.375,122.9457,30.4391,1,1
8.125,125.704,27.4354,1,1
7.625,122.1422,25.4237,1,1
7.5,129.3288,28.8349,1,1
8,122.1862,24.6361,1,1
7,137.2402,38.0798,1,1
7.75,122.157,25.8431,1,1
7,139.4568,25.6362,1,1
7.125,134.1865,36.2401,1,1
6.875,150.4188,38.5579,1,1
7.75,122.6859,26.1912,1,1
4.625,134.87,21.0767,1,1
7.375,136.8992,34.0663,1,1
7.75,127.149,30.0002,1,1
7.75,127.2473,31.8493,1,1
8.125,119.3127,29.5579,1,1
7.875,118.935,25.9351,1,1
7.625,133.5995,37.4523,1,1
8,128.5997,31.1338,1,1
7.875,121.8513,26.2856,1,1
8.5,121.738,29.2444,1,1
8,126.504,31.0992,1,1
7.375,121.1732,28.2837,1,1
7.5,121.6593,28.489,1,1
8.125,117.721,24.9035,1,1
8.375,116.0375,29.3806,1,1
7,143.6113,39.024,1,1
6.75,152.6728,46.1741,1,1
8.25,126.879,30.8619,1,1
8.125,124.768,27.9465,1,1
8.25,114.7343,21.985,1,1
8.25,118.6058,27.2365,1,1
7.625,131.9642,25.0929,1,1
6.625,136.312,29.6384,1,1
7.625,127.3582,31.2107,1,1
7.625,126.1955,29.2246,1,1
8,126.853,32.2269,1,1
8.125,124.3973,26.9109,1,1
7.25,131.8358,33.9494,1,1
8.25,119.7597,29.2801,1,1
8,122.6657,34.1244,1,1
8.125,118.0547,27.9211,1,1
7.125,122.4495,29.3346,1,1
7.5,122.6107,32.1431,1,1
8.125,125.9721,29.8459,1,1
5.375,202.4788,95.9358,1,1
8.375,121.9143,26.1222,1,1
6.75,140.1212,29.1245,1,1
7.25,137.5147,40.3354,1,1
7.875,119.5673,21.1973,1,1
7.75,123.0423,26.3974,1,1
8.5,117.1153,28.3085,1,1
7,133.158,26.5806,1,1
7.25,125.368,24.92,1,1
6.875,142.223,32.858,1,1
7.75,124.652,29.9941,1,1
8.375,117.0859,26.475,1,1
6.5,155.834,44.6715,1,1
8.125,123.6829,28.6517,1,1
7.75,123.612,27.4438,1,1
8.25,118.6258,28.1894,1,1
7.875,128.8432,28.3208,1,1
7.875,119.102,27.9937,1,1
8.25,120.1365,25.7723,1,1
8.375,107.0467,18.6499,1,1
8.25,126.9197,22.5474,1,1
7.75,120.2795,23.5282,1,1
8.25,117.1604,23.8794,1,1
7.25,129.4572,32.7001,1,1
7.625,128.96,37.2731,1,1
7.875,122.093,24.5581,1,1
8.25,118.7332,32.9008,1,1
7.75,121.7767,23.4672,1,1
7.875,123.2758,32.979,1,1
8.25,124.827,31.7577,1,1
7.625,122.967,28.9075,1,1
7.75,126.1805,28.3312,1,1
8.125,123.9743,27.5999,1,1
8.25,120.1774,28.3347,1,1
8.125,120.3776,25.3709,1,1
7.375,126.4537,29.0653,1,1
7.875,113.0423,20.5221,1,1
7.75,125.0547,32.3387,1,1
7.75,119.1348,24.696,1,1
7.5,127.2173,28.8488,1,1
7.5,125.449,33.113,1,1
8.5,109.9445,19.5608,1,1
8.375,112.8057,19.3668,1,1
7.75,130.629,28.2633,1,1
8,118.7192,22.4502,1,1
6,190.4187,90.9363,1,1
8,119.1317,25.4644,1,1
7.375,132.718,33.023,1,1
7.625,128.5302,29.485,1,1
7.875,120.1937,23.0078,1,1
7.875,124.7923,34.7693,1,1
7,139.3617,29.3299,1,1
7.75,122.8893,29.6805,1,1
8.375,120.8763,26.577,1,1
6.75,157.0003,49.3332,1,1
7.75,127.496,28.2305,1,1
7.875,130.9493,33.5921,1,1
7.5,119.8947,23.816,1,1
7,128.9735,23.8482,1,1
7.75,126.4971,32.608,1,1
7.5,126.9532,30.7713,1,1
7.875,130.6812,35.471,1,1
7.75,128.5085,28.3224,1,1
8,122.978,24.6337,1,1
7.25,141.2217,50.7745,1,1
7.875,127.9153,31.8307,1,1
7.375,138.5563,40.7236,1,1
7.75,132.0552,31.7613,1,1
7.375,132.6103,29.6856,1,1
8.125,121.3033,24.7682,1,1
7.875,124.2693,27.2625,1,1
7.125,139.5023,41.3809,1,1
7.75,132.2073,24.7477,1,1
7.625,121.919,28.0569,1,1
7.75,122.3632,23.7602,1,1
7.75,120.0451,24.1519,1,1
7.625,120.0688,24.5552,1,1
7.25,141.7753,37.3955,1,1
7.75,124.6933,28.6702,1,1
7.625,123.7373,24.3721,1,1
8.125,118.9055,27.2719,1,1
7.875,122.4905,24.2781,1,1
8.125,116.138,24.2026,1,1
7.125,135.6517,32.1528,1,1
8.375,119.5513,25.7323,1,1
8.125,126.7202,27.3252,1,1
7.375,121.9078,22.5688,1,1
8.125,115.8958,27.0302,1,1
8,115.8267,23.6365,1,1
7.5,128.0008,29.0346,1,1
8.25,121.5967,33.7933,1,1
7.5,131.9178,29.0234,1,1
7.875,122.8423,28.813,1,1
7.75,117.9502,23.2453,1,1
6.125,203.9035,67.0015,1,1
6.75,161.934,55.0423,1,1
7.375,118.8965,25.3832,1,1
8.5,118.4547,26.9339,1,1
8.375,126.2268,27.0281,1,1
8.125,121.886,25.5669,1,1
7.625,126.7002,25.1501,1,1
7.875,122.8133,22.7862,1,1
7,150.316,45.4506,1,1
8.125,118.4378,27.4325,1,1
7.5,121.8012,22.8093,1,1
7.875,132.9832,31.9801,1,1
7.875,117.8886,22.7192,1,1
8,125.6147,32.1943,1,1
7.5,132.6743,34.9665,1,1
7.75,128.9377,30.0721,1,1
7.875,126.2497,37.1936,1,1
6.125,164.4667,67.1179,1,1
7.625,131.4515,30.8075,1,1
8.625,116.6693,25.8054,1,1
8.5,113.0267,22.8006,1,1
6.75,143.278,33.7107,1,1
7.875,118.7645,24.4195,1,1
8,115.411,24.3153,1,1
8,119.7011,24.1339,1,1
8.125,115.4913,20.7884,1,1
7.5,124.8267,24.1949,1,1
8.25,117.6967,25.9828,1,1
6.625,147.2825,45.7991,1,1
8.625,108.3451,16.9464,1,1
7.75,133.3508,37.7976,1,1
6.875,136.4185,29.586,1,1
7.5,132.4908,35.3934,1,1
8.125,117.2137,22.6913,1,1
8.25,120.5577,30.3698,1,1
8,131.544,33.492,1,1
8,118.1155,25.7198,1,1
8,117.9586,24.6032,1,1
7.625,124.3995,32.0794,1,1
7,141.0928,34.2912,1,1
7.875,120.1167,32.5169,1,1
7.625,124.4537,29.0209,1,1
7.875,120.5908,28.9392,1,1
8,127.1208,33.1775,1,1
7,140.6463,39.5982,1,1
7.375,126.0553,34.2726,1,1
7.375,130.6687,28.2105,1,1
8.25,128.8856,33.6674,1,1
7.75,124.2915,33.2454,1,1
7.875,122.2838,31.7823,1,1
7.75,127.5712,23.6632,1,1
8.25,122.4926,26.6216,1,1
8.375,124.0505,33.4437,1,1
7.5,135.4767,41.0009,1,1
7.25,138.2427,33.7507,1,1
7.75,127.6855,35.6247,1,1
8.25,114.8334,23.7904,1,1
8.125,121.8706,28.8675,1,1
8.375,116.2563,32.9436,1,1
8.125,116.309,23.4007,1,1
7.875,132.6765,35.4097,1,1
8.125,119.2947,25.9547,1,1
7.625,127.1498,28.1503,1,1
8.125,130.7384,28.9701,1,1
7.375,130.0957,31.5893,1,1
8.875,107.5855,16.824,1,1
8.25,120.7723,25.99,1,1
7.75,126.6798,29.7463,1,1
7.375,131.2992,26.1697,1,1
8.125,124.9905,27.8233,1,1
7.875,126.1127,31.0552,1,1
7.25,134.2605,28.4847,1,1
7.875,126.3999,22.8242,1,1
8,128.2886,29.8957,1,1
8.25,122.7035,29.4393,1,1
7.625,123.0463,32.6551,1,1
8.125,121.9113,30.7198,1,1
8.5,113.6499,24.8555,1,1
7.75,126.7147,28.1478,1,1
8,123.3247,26.0258,1,1
7.75,127.7491,32.1607,1,1
7.375,124.359,27.5361,1,1
7.875,120.389,27.1353,1,1
7.625,127.245,32.8063,1,1
8.375,119.0569,26.3563,1,1
8.375,116.343,24.9991,1,1
8,121.116,24.4209,1,1
8,120.657,25.5186,1,1
8.25,120.0217,30.5459,1,1
8.25,119.281,29.7492,1,1
7.875,125.3915,31.2541,1,1
7.375,131.8568,29.1392,1,1
7.25,126.0422,33.6545,1,1
7.875,120.36,23.8661,1,1
7.75,128.5195,27.6666,1,1
7.75,126.6062,30.0628,1,1
8,118.9383,26.6443,1,1
6.5,168.5305,74.0211,1,1
7.5,124.172,21.3261,1,1
7.375,125.7052,31.084,1,1
7.625,117.537,23.5536,1,1
8.25,127.7476,29.4572,1,1
8.125,116.7537,26.4657,1,1
8.625,118.2037,23.7289,1,1
7.75,126.8773,23.7755,1,1
7.75,128.2798,26.8234,1,1
8.25,117.2129,26.0347,1,1
7.75,119.8785,24.2011,1,1
8.375,120.9112,25.1335,1,1
7.875,129.9037,29.1898,1,1
8.25,122.6678,24.503,1,1
8.875,113.0025,23.9515,1,1
8,118.7925,21.5122,1,1
8.875,111.4117,25.372,1,1
7.875,131.1788,34.2099,1,1
8.25,115.569,21.7878,1,1
8.125,120.2993,29.3435,1,1
7.625,120.367,27.6548,1,1
7.375,132.3827,28.6745,1,1
8,115.1277,21.5684,1,1
8,118.7097,23.6666,1,1
7,132.8328,25.5401,1,1
7.75,128.64,30.3158,1,1
8.125,120.834,23.667,1,1
7.5,132.2283,32.2027,1,1
8,115.3855,27.4477,1,1
8,126.6015,32.2937,1,1
7.5,125.1517,23.9126,1,1
7.125,129.7613,28.9014,1,1
6.625,153.5733,47.9987,1,1
7.75,128.8917,22.5912,1,1
7,144.6483,33.2216,1,1
7.875,127.0608,23.8519,1,1
8,119.8325,21.4224,1,1
7.75,121.0622,26.6446,1,1
7.125,131.1547,25.793,1,1
6.875,158.6332,64.132,1,1
8.375,122.0313,26.8043,1,1
6,168.0615,50.8198,1,1
7.875,123.3527,30.1057,1,1
8.125,113.3127,21.1637,1,1
7.125,136.2835,29.5246,1,1
7.875,114.3527,20.2557,1,1
7.875,121.7397,24.3495,1,1
7.875,121.1453,33.9085,1,1
7.75,130.8288,31.8231,1,1
8.75,113.3664,28.0695,1,1
8.25,116.0908,27.8028,1,1
7.625,131.376,30.3712,1,1
7.75,124.539,31.6277,1,1
7.5,122.1502,25.6512,1,1
8,127.8813,31.7938,1,1
8.125,126.5963,30.6055,1,1
7.75,123.4622,25.4967,1,1
6.375,165.4747,58.6231,1,1
7.875,129.6838,30.9755,1,1
7.625,126.9643,28.7055,1,1
7.625,119.1635,24.4067,1,1
7.375,130.2007,31.8807,1,1
7.625,130.2598,30.5542,1,1
7.125,129.4822,30.0514,1,1
7.75,134.1903,39.3826,1,1
6.375,174.3283,76.5776,1,1
7.375,127.9152,33.9835,1,1
7.625,120.3783,23.129,1,1
8,126.0397,27.1401,1,1
8.5,115.5799,25.5759,1,1
7.375,129.8678,33.3634,1,1
7.375,134.3948,36.6046,1,1
7.625,120.654,23.5786,1,1
7.625,127.1172,29.4665,1,1
7.875,127.1463,32.0123,1,1
8,117.1277,22.8378,1,1
7.75,127.1,31.9174,1,1
7.5,125.8476,27.6026,1,1
8,119.3118,20.2668,1,1
7.75,126.0057,38.9561,1,1
8.375,120.4174,27.2154,1,1
8,127.0655,30.0097,1,1
8.125,117.4513,26.8664,1,1
8.375,117.7551,23.1941,1,1
7.75,131.4347,31.7275,1,1
8.25,116.5042,29.4117,1,1
7,142.4067,25.8383,1,1
8.125,121.4793,28.9991,1,1
8.125,122.4662,27.8055,1,1
8.125,119.25,23.5873,1,1
7.875,123.803,24.9343,1,1
8.375,114.3273,27.1573,1,1
8.75,117.1699,23.7936,1,1
7.875,126.0022,26.7723,1,1
6.75,144.3008,33.6894,1,1
7,144.23,43.068,1,1
8.375,120.585,25.9167,1,1
7.75,124.3963,33.6148,1,1
8.375,116.4395,23.4167,1,1
8,129.4567,27.7163,1,1
8.25,125.1269,32.4536,1,1
7.875,120.7927,28.6214,1,1
8.625,119.479,25.4081,1,1
7.5,125.7553,30.4639,1,1
7.25,122.278,24.4423,1,1
8.125,121.0977,29.6951,1,1
8.5,121.334,27.5528,1,1
9.375,111.17,22.8839,1,1
7.75,124.7619,28.5456,1,1
3.75,222.945,21.8726,1,0
4.375,241.585,41.17,1,0
4,235.9717,42.9962,1,0
3.875,218.6233,39.324,1,0
2.5,92.2567,15.8728,1,0
3.875,180.6983,16.1286,1,0
4.375,218.6667,33.1689,1,0
4.5,221.4467,33.902,1,0
4.25,211.765,28.718,1,0
4.75,222.5917,38.4417,1,0
4.125,207.6783,23.4782,1,0
4,238.855,41.0098,1,0
4,215.2508,37.9056,1,0
4.625,230.96,28.8139,1,0
4.375,245.2533,44.3464,1,0
4.875,211.7225,26.9706,1,0
4.25,250.0067,18.7821,1,0
3.75,276.5183,22.8694,1,0
4.625,215.6667,31.489,1,0
4.25,204.425,24.875,1,0
4.25,196.8567,26.6295,1,0
2.625,157.3567,9.3735,1,0
4.5,202.3683,32.4597,1,0
4.75,205.1183,32.3163,1,0
4.5,221.4233,34.2893,1,0
4.25,202.385,21.2665,1,0
4.125,217.8667,31.6613,1,0
3,230.27,26.78,1,0
4.25,223.8933,36.4761,1,0
3.875,239.86,33.5991,1,0
2.875,106.3767,15.834,1,0
4.5,230.2567,44.4547,1,0
4,213.995,41.1967,1,0
3.375,250,27.73,1,0
2,118.135,5.535,1,0
4.875,213.3817,27.6065,1,0
4.25,216.5867,44.1578,1,0
4.75,204.1417,35.8562,1,0
4.375,202.8617,25.6317,1,0
2,89.775,18.555,1,0
4.25,213.1667,32.3041,1,0
4.5,210.0817,27.9477,1,0
4.875,194.95,32.4602,1,0
4.5,192.925,19.7491,1,0
4,209.205,28.1829,1,0
3.75,227.3317,24.8318,1,0
4.25,208.3167,22.4754,1,0
4,229.2383,33.4335,1,0
3.5,250.6533,16.002,1,0
4.25,209.1883,32.8064,1,0
4.625,215.3092,31.5816,1,0
4.375,205.2633,26.005,1,0
4,220.1583,13.2258,1,0
4.5,210.0683,39.035,1,0
4.25,217.9233,30.8601,1,0
4.625,216.8367,30.5454,1,0
3.75,220.2867,17.1415,1,0
4.375,217.4283,26.3522,1,0
4.25,281.0017,61.4686,1,0
4,277.2367,58.7735,1,0
4.875,226.8267,41.5848,1,0
4.875,230.7408,54.5318,1,0
4.5,225.275,23.4003,1,0
4.5,222.7883,25.0511,1,0
4.625,197.8233,24.3865,1,0
4.375,216.385,30.2576,1,0
4.875,215.3558,29.711,1,0
4.125,223.1267,39.9983,1,0
4.375,209.99,30.9025,1,0
4.125,226.925,25.4907,1,0
4.25,209.7383,33.7609,1,0
4.875,200.4883,28.7312,1,0
4.125,233.715,27.8396,1,0
3.625,225.16,21.55,1,0
4.375,230.0742,40.608,1,0
4.5,220.9033,21.9547,1,0
4.875,204.5158,22.7695,1,0
4,231.7317,20.2364,1,0
3.875,236.4267,20.5567,1,0
4.25,238.98,35.834,1,0
4.875,202.6258,27.187,1,0
4.5,212.555,32.3519,1,0
4.125,251.2517,43.3833,1,0
1.875,92.31,8.6959,1,0
4,218.345,38.4682,1,0
4.625,206.5958,35.4256,1,0
4.25,204.015,32.2861,1,0
2.625,113.3283,9.4589,1,0
4.125,216.9333,24.6077,1,0
4.75,207.1992,18.9121,1,0
4.75,230.7658,33.2943,1,0
4.5,214.9683,26.4719,1,0
3,174.8467,29.5135,1,0
4.875,224.43,33.0977,1,0
2.875,158.1017,21.7248,1,0
4.5,233.45,51.033,1,0
3,137.2483,14.2043,1,0
3.25,213.63,40.66,1,0
3.375,185.2767,17.936,1,0
4.625,210.7217,39.0052,1,0
5,214.4608,33.8657,1,0
4.25,231.9783,24.1842,1,0
3.875,243.05,23.6988,1,0
3.875,233.8283,35.4818,1,0
4.375,205.8067,23.3884,1,0
2.5,80.6883,14.2718,1,0
4.75,208.2267,29.2232,1,0
4,200.395,16.7126,1,0
4,204.56,33.5782,1,0
2.875,117.6567,23.3326,1,0
4,217.4933,17.4945,1,0
4.375,218.4383,40.5086,1,0
4.25,203.0083,32.5041,1,0
2.5,141.055,11.135,1,0
3.5,186.1,36.7562,1,0
3.875,247.9917,32.9368,1,0
4.625,235.4017,39.7569,1,0
4.5,221.265,39.0993,1,0
3,118.6017,9.028,1,0
4.75,201.5492,30.4579,1,0
4.5,218.7967,38.9683,1,0
4.625,217.3558,41.8793,1,0
3.625,294.015,44.5369,1,0
5,223.5908,36.548,1,0
4.5,217.8008,29.1478,1,0
4,238.7283,37.6868,1,0
4.625,221.4233,33.3559,1,0
3.875,206.07,32.8724,1,0
4.125,251.875,30.6399,1,0
4,224.2867,39.8265,1,0
4.5,198.7367,27.7445,1,0
4.375,223.1033,36.6302,1,0
4.375,236.1867,40.7471,1,0
4,210.4233,22.281,1,0
4.75,229.0333,43.2076,1,0
4.5,223.2825,37.5989,1,0
4.25,201.82,19.5788,1,0
4.875,207.0425,37.2905,1,0
4.375,199.185,14.436,1,0
3.75,195.8,14.6277,1,0
3.75,215.4267,16.226,1,0
4.125,216.3733,29.768,1,0
4,201.45,20.6988,1,0
4.25,218.7633,27.5709,1,0
4.125,227.8567,35.8276,1,0
1.875,78.155,6.7987,1,0
4.75,216.5883,31.1919,1,0
3.75,219.5483,28.0189,1,0
4.125,216.8067,15.6761,1,0
4.125,243.1067,41.8102,1,0
3.875,235.5333,28.9676,1,0
3.875,206.2333,20.834,1,0
4.625,205.6767,26.4089,1,0
3.125,147.3983,18.6752,1,0
4.5,212.2583,42.8894,1,0
4.5,256.275,40.1873,1,0
4.25,212.7183,27.9663,1,0
4.625,224.0217,32.4124,1,0
4.625,217.4267,35.3387,1,0
4.625,256.9808,31.1973,1,0
4.75,215.4217,27.2704,1,0
4.125,200.545,17.5954,1,0
4.5,227.6683,41.4998,1,0
5,228.3642,58.1198,1,0
3.75,219.1833,14.191,1,0
4.125,213.49,20.5165,1,0
4.125,204.6717,18.5829,1,0
4.5,222.64,25.4948,1,0
4.375,225.5167,33.3109,1,0
4,220.8683,33.8774,1,0
5,205.7908,28.1506,1,0
4.25,238.245,25.9872,1,0
4,249.5467,29.8601,1,0
4.875,213.7608,33.9528,1,0
4.625,207.88,22.435,1,0
4.125,225.0367,18.1237,1,0
2.875,144.8183,26.5628,1,0
4,219.655,27.6836,1,0
2.125,99.095,18.465,1,0
3.75,218.6183,24.2348,1,0
4.625,198.46,24.0791,1,0
4.625,230.0583,49.6736,1,0
3.75,230.0067,25.3238,1,0
4.625,205.9708,22.7406,1,0
4.125,212.915,16.6859,1,0
4.5,207.19,32.2431,1,0
4.25,221.5033,19.3183,1,0
4.25,204.3417,34.9307,1,0
3.75,244.67,24.2327,1,0
2.875,194.7967,10.7057,1,0
4.25,201.4733,13.9401,1,0
3.75,221.3833,23.2576,1,0
4.375,222.065,32.2134,1,0
3.75,207.6967,21.1648,1,0
2.5,138.9183,23.3361,1,0
4.25,240.3033,44.4581,1,0
3.875,186.7933,20.0061,1,0
2.75,153.2417,20.5121,1,0
4.75,211.44,37.2882,1,0
4.875,225.8167,29.3182,1,0
4.875,227.3075,42.6008,1,0
4.25,237.73,36.2847,1,0
3.625,220.01,22.1157,1,0
3.875,214.5633,41.454,1,0
4.625,204.275,23.232,1,0
4.625,223.7483,44.0052,1,0
4.125,217.9267,36.7394,1,0
4.5,207.0817,20.9773,1,0
4.75,246.1075,49.2815,1,0
4,225.9717,27.6964,1,0
4.625,196.6558,15.7423,1,0
4.625,228.4542,40.7104,1,0
4.5,216.4667,24.2734,1,0
2.125,57.5,2.7341,1,0
2.375,113.22,13.97,1,0
4.125,223.1,24.7722,1,0
4.625,210.1467,29.1072,1,0
4.625,245.0642,28.0127,1,0
4.75,188.295,23.0336,1,0
4,212.57,27.4221,1,0
4,209.4533,27.1627,1,0
4,218.6917,21.5846,1,0
4.25,216.7767,26.3587,1,0
4.625,233.2617,38.7508,1,0
5.125,224.7158,41.5951,1,0
2.25,70.53,3.4724,1,0
4.75,192.325,25.7481,1,0
2.25,126.085,15.085,1,0
4.125,208.165,20.297,1,0
4.25,205.115,12.4067,1,0
4.625,208.4217,35.8677,1,0
4.25,222.5583,32.705,1,0
4.5,226.9875,43.2685,1,0
4.625,202.5467,30.5628,1,0
4.375,215.875,23.2633,1,0
4.375,240.0633,29.6202,1,0
4.25,219.2967,23.3222,1,0
4.125,221.7483,23.2047,1,0
4,247.8117,24.5174,1,0
4.75,220.6133,37.9175,1,0
3.5,263.8583,22.0622,1,0
2.625,127.7067,7.5053,1,0
4.625,196.5533,15.1003,1,0
4.5,214.7483,35.9907,1,0
2.625,205.5767,10.3992,1,0
4.375,230.3067,42.4091,1,0
4.625,230.8317,47.7655,1,0
3.625,205.6433,20.0887,1,0
4.5,214.1083,36.1312,1,0
3.875,224.8833,25.0844,1,0
4.125,222.4333,34.1275,1,0
4,224.7617,18.2965,1,0
4.25,212.8183,41.0054,1,0
4.375,207.5467,24.5097,1,0
3.625,169.4983,21.6091,1,0
4.25,216.0233,40.4233,1,0
4.625,204.2717,23.0742,1,0
3.625,231.71,28.1454,1,0
3.5,165.9967,26.2825,1,0
4.25,218.0167,23.824,1,0
4.375,202.595,24.31,1,0
4.125,233.5317,29.9116,1,0
4,212.4883,15.5262,1,0
5.125,202.7733,31.9048,1,0
4.625,227.035,36.1703,1,0
5,200.8,27.2704,1,0
4,211.2567,20.7608,1,0
4.125,267.5333,34.9149,1,0
4.125,210.8217,25.7353,1,0
3.875,218.5325,16.7306,1,0
4,225.665,36.4316,1,0
4.375,234.6367,29.9932,1,0
5.25,210.705,27.1552,1,0
4.25,212.7583,33.079,1,0
4.125,212.2667,33.7812,1,0
3.75,220.55,28.29,1,0
3.625,235.8533,16.8075,1,0
3.875,232.695,23.2446,1,0
3.75,261.5317,28.031,1,0
4.375,214.9567,33.7799,1,0
4,232.6167,19.5455,1,0
4.125,221.225,44.8316,1,0
4.125,226.4267,22.6968,1,0
4.375,205.9783,20.6981,1,0
4.625,227.2708,25.7921,1,0
4.625,227.535,33.6014,1,0
4.625,213.5183,38.9428,1,0
4,210.9283,26.7649,1,0
4.5,212.6567,34.5454,1,0
4.125,220.9683,21.8657,1,0
3.875,205.64,20.7212,1,0
4.25,214.7933,29.0856,1,0
4.875,220.745,40.609,1,0
4.875,202.35,28.8007,1,0
4.5,214.9083,22.8868,1,0
4.875,226.8083,43.7115,1,0
4.25,210.7217,28.0974,1,0
4.5,240.1842,30.6602,1,0
4.75,209.0167,32.429,1,0
3.75,218.2317,28.3469,1,0
2.625,126.6417,8.0292,1,0
4.5,185.7967,17.3066,1,0
4.375,215.44,27.3724,1,0
3,204.9383,33.7701,1,0
4.375,215.9717,32.0547,1,0
4,205.3967,31.2248,1,0
3.75,239.16,21.1397,1,0
3.625,204.54,27.3642,1,0
3.75,218.1167,21.3784,1,0
4.625,203.9558,32.2762,1,0
4,214.8267,25.1796,1,0
3.5,189.595,16.2329,1,0
4.25,224.57,31.0725,1,0
4.375,194.6183,32.1491,1,0
4.25,232.015,32.2481,1,0
4.25,188.9633,23.1502,1,0
4.75,206.7625,36.9587,1,0
3.875,219.63,17.1286,1,0
4.75,225.9108,34.6177,1,0
3.125,160.0817,18.574,1,0
2.625,185.82,36.1364,1,0
4.125,216.7433,40.1118,1,0
4.375,202.0017,22.3093,1,0
4,212.02,22.9094,1,0
4.625,208.1067,34.4129,1,0
4.25,208.4633,25.1031,1,0
4.875,209.0917,43.2969,1,0
4.25,235.26,33.9416,1,0
4.375,217.0467,36.6406,1,0
3.125,223.6083,11.6997,1,0
4.125,214.9183,38.1031,1,0
4.375,211.3683,25.1228,1,0
4.625,239.9742,39.5454,1,0
4.625,208.3333,28.5543,1,0
3.625,238.675,38.915,1,0
4,228.9617,40.2028,1,0
4.75,199.4233,18.14,1,0
2.5,119.575,30.8851,1,0
4.5,224.8567,32.0498,1,0
4,217.3117,32.2784,1,0
4,226.5617,22.1008,1,0
4.625,220.2317,36.2939,1,0
4.125,233.8633,35.2056,1,0
4.25,214.2233,36.0579,1,0
4.375,225.1242,40.7089,1,0
3.75,215.155,24.9243,1,0
4.75,220.4683,38.8025,1,0
4.75,216.8633,27.8898,1,0
3.125,248.8167,14.374,1,0
4.5,212.7933,22.9464,1,0
4.25,210.4867,32.0085,1,0
4.25,201.6033,22.6287,1,0
4.25,193.365,23.3028,1,0
4.5,219.6483,49.3318,1,0
4,221.815,17.8179,1,0
3.75,224.94,32.2514,1,0
4.375,196.55,27.7344,1,0
4.375,214.0583,32.0219,1,0
4.25,234.28,37.6369,1,0
3.75,190.42,14.5837,1,0
4.25,217.065,28.4423,1,0
4.5,220.455,47.371,1,0
4.5,222.13,32.1602,1,0
4.375,203.0483,31.6815,1,0
4.25,206.3883,42.9283,1,0
4.5,239.2358,21.3084,1,0
4.625,201.7658,25.7696,1,0
4,224.525,35.9265,1,0
4,228.9617,27.1053,1,0
4.25,266.36,31.1239,1,0
4.75,223.0442,26.5733,1,0
4,247.1933,32.9385,1,0
4.25,221.1967,40.9686,1,0
4.875,214.0867,36.514,1,0
5.25,213.8533,34.7445,1,0
3.5,232.14,23.35,1,0
4.5,213.3058,38.076,1,0
4.375,212.25,25.5862,1,0
4,240.225,26.251,1,0
4.5,190.4942,22.4761,1,0
4.25,216.8117,29.358,1,0
4.25,203.6492,22.8439,1,0
4.375,206.805,29.835,1,0
4.5,225.62,38.8905,1,0
4.625,219.2325,37.4103,1,0
4.25,235.1533,36.8011,1,0
4.25,222.1083,35.9433,1,0
4.375,210.5283,35.5909,1,0
4.875,226.5617,45.6945,1,0
4.5,210.5558,33.2683,1,0
4.5,201.0467,23.7201,1,0
4.75,222.995,47.8248,1,0
4,204.8217,22.0879,1,0
4.625,221.5617,31.3413,1,0
4.25,236.8183,41.1457,1,0
3.625,193.385,35.0359,1,0
4.5,212.7417,41.0673,1,0
3.75,225.2433,29.05,1,0
4.125,214.755,26.0193,1,0
3.5,193.0067,19.117,1,0
4.375,231.055,34.9907,1,0
3.5,162.145,10.6601,1,0
4.375,215.6367,27.0078,1,0
4.5,215.81,24.3809,1,0
4.125,231.52,40.8894,1,0
4.5,231.855,48.3288,1,0
3.625,240.7533,21.1554,1,0
4.75,212.055,28.6383,1,0
2.5,108.135,3.0729,1,0
4.75,218.735,24.84,1,0
4.75,218.7408,18.9034,1,0
4.625,227.5017,32.5392,1,0
4.25,219.565,30.6646,1,0
3.875,197.7083,31.5883,1,0
4.125,238.5283,37.6929,1,0
3.75,248.8817,37.8103,1,0
4.75,217.4758,39.5629,1,0
2.375,154.945,10.4881,1,0
4.125,234.2333,30.2539,1,0
4.25,223.655,29.3887,1,0
5.125,184.6925,23.2265,1,0
3.875,205.0117,20.4911,1,0
3.375,201.0233,27.7952,1,0
4.75,194.5267,15.7838,1,0
2.5,113.2267,5.9697,1,0
4,217.4183,28.3593,1,0
5.25,205.3483,38.3861,1,0
4.875,208.695,37.6988,1,0
4.75,221.3017,31.6251,1,0
3.375,267.17,35.57,1,0
4.125,231.4683,20.252,1,0
4.5,197.3608,20.6588,1,0
5,230.8325,39.9325,1,0
3.625,239.7,20.9048,1,0
4,226.57,24.6998,1,0
4.875,220.2133,50.7225,1,0
4.375,204.5042,30.7104,1,0
4.25,241.165,45.8458,1,0
5.25,212.9375,29.6788,1,0
4.25,217.0117,29.9199,1,0
3.875,176.895,20.5341,1,0
4.75,208.2283,33.3774,1,0
4.25,220.6,22.6238,1,0
3.875,224.195,32.2119,1,0
4.5,205.1175,34.9519,1,0
4.75,204.6933,44.2285,1,0
4.125,220.2233,27.6509,1,0
4.25,217.1208,30.8436,1,0
3.875,226.955,25.1584,1,0
3,149.9333,21.727,1,0
4,222.0433,32.2022,1,0
4.625,228.7,37.9938,1,0
4.125,219.5667,32.944,1,0
4.375,192.8817,15.4969,1,0
4.625,203.0467,25.2124,1,0
4.125,209.28,23.006,1,0
4.75,204.99,23.613,1,0
4.125,206.79,18.0927,1,0
2,42.25,9.0559,1,0
2.625,181.7992,14.7847,1,0
3,194.2,17.01,1,0
4.5,206.6633,28.0261,1,0
4,197.5917,15.6005,1,0
4.125,224.0383,35.185,1,0
4.5,210.3233,17.8994,1,0
4.25,226.6483,32.7446,1,0
3.375,170.07,24.9563,1,0
4,212.85,14.7373,1,0
4.375,229.405,44.8449,1,0
3.875,220.11,31.863,1,0
4.125,225.1483,28.9132,1,0
4.375,242.3183,46.7333,1,0
4.5,223.8867,40.1907,1,0
3.875,215.4083,25.2168,1,0
4.125,207.2333,24.927,1,0
4.875,213.2692,27.452,1,0
4,219.4533,28.7208,1,0
4.125,224.33,28.2476,1,0
4.5,208.44,43.5397,1,0
4.5,211.655,32.4506,1,0
4.125,204.6717,23.5437,1,0
4.125,230.1317,18.82,1,0
4.625,229.8933,41.401,1,0
4,232.9867,19.9695,1,0
3,86.1075,21.0662,1,0
3.75,217.5833,23.319,1,0
2.625,109.1083,11.6979,1,0
4,202.4617,21.0601,1,0
2.5,131.925,15.8911,1,0
4,233.7567,27.7797,1,0
4.625,216.2775,36.3034,1,0
4.875,201.4458,26.3823,1,0
4.375,227.5267,45.367,1,0
4.75,208.1625,31.7862,1,0
4.25,234.54,37.5289,1,0
4.625,220.1983,35.2538,1,0
4,202.9983,18.6064,1,0
4,223.525,24.7989,1,0
4,182.5733,33.9501,1,0
4.625,221.865,18.5587,1,0
4.125,236.8667,36.5429,1,0
4,213.62,25.8497,1,0
4.625,219.6392,45.0972,1,0
4.125,273.3017,46.4421,1,0
4.25,230.9867,34.6607,1,0
4.375,209.9717,28.7957,1,0
3.125,135.9,13.487,1,0
4.125,233.34,27.3823,1,0
3.75,290.1233,28.59,1,0
3.75,228.145,25.705,1,0
4.625,205.96,22.6663,1,0
4.875,216.6275,39.05,1,0
4.625,217.405,36.8692,1,0
4.25,208.7917,21.4008,1,0
4.5,219.2833,24.8906,1,0
4.25,223.9767,35.3519,1,0
5,206.3217,32.7875,1,0
4.25,224.3867,29.3969,1,0
4.375,213.1667,29.7887,1,0
3.625,231.415,24.5891,1,0
4.375,251.1367,59.4375,1,0
2.625,106.32,7.6285,1,0
3.625,204.185,26.035,1,0
4.375,247.4383,27.3417,1,0
5.125,205.7108,49.3519,1,0
4.625,220.615,42.5878,1,0
4.375,206.0617,17.809,1,0
4.5,203.9983,19.8896,1,0
4.125,232.8267,21.2473,1,0
4.125,218.9883,35.4024,1,0
4.125,225.5883,38.7914,1,0
3.625,363.9567,26.7042,1,0
4.75,192.4867,23.744,1,0
4.875,213.8875,35.3542,1,0
3.875,214.8983,30.1581,1,0
3.875,197.6867,32.0222,1,0
3.875,256.3933,53.3063,1,0
4.125,210.7483,30.4477,1,0
4.375,230.03,40.6027,1,0
3.625,224.8983,14.6192,1,0
4.75,226.0192,30.7266,1,0
4.625,193.0617,23.2324,1,0
3.875,228.525,25.5983,1,0
3.875,231.2583,19.3579,1,0
4.875,220.3425,34.8559,1,0
4.25,222.165,32.7291,1,0
4.25,199.6433,21.7315,1,0
4.5,211.1167,30.5036,1,0
4.375,205.365,34.5995,1,0
4.5,206.9408,27.1847,1,0
4.375,213.3483,27.8606,1,0
5,209.6967,30.4282,1,0
4.875,218.8133,31.8574,1,0
4.25,240.9817,26.1964,1,0
5,207.4033,35.0284,1,0
4,221.7567,39.3253,1,0
3.875,239.6433,35.6724,1,0
2.625,115.3767,9.3604,1,0
4.625,237.4117,49.6874,1,0
2.75,124.3717,33.4827,1,0
4.25,202.47,34.8038,1,0
4.375,209.95,22.6293,1,0
3.125,147.0783,15.1404,1,0
4.125,231.31,15.671,1,0
4.25,223.165,32.8443,1,0
2.875,128.21,17.3376,1,0
3.875,234.9067,34.1082,1,0
3,186.2317,33.671,1,0
4.25,222.0633,25.827,1,0
3.125,143.4592,21.7941,1,0
3.5,220.4383,25.4271,1,0
4,215.775,32.9629,1,0
1.875,249.855,7.815,1,0
4.625,207.605,31.9101,1,0
4.125,233.5767,34.6964,1,0
4.25,226.885,22.0812,1,0
4.125,232.4767,27.9217,1,0
3.625,223.7217,39.6434,1,0
4.375,210.3867,31.4708,1,0
3.875,227.4,26.4704,1,0
4.25,201.025,20.9333,1,0
3.125,156.0217,12.3029,1,0
4,209.9817,18.9534,1,0
4.5,214.5483,28.8321,1,0
4,211.0267,22.2416,1,0
3.625,227.81,23.63,1,0
4,243.175,38.1318,1,0
3.25,153.62,19.8674,1,0
4.25,205.675,26.3881,1,0
4.5,211.3917,38.7874,1,0
2.25,130.465,2.085,1,0
3.125,171.07,23.74,1,0
4.375,205.7517,28.5459,1,0
5,210.165,34.7297,1,0
4.375,232.5533,46.5632,1,0
3.875,206.46,27.3028,1,0
4.625,232.9033,62.6293,1,0
3.375,159.94,38.2706,1,0
3.25,139.8033,20.4973,1,0
4.25,230.9917,30.9021,1,0
2.25,149.45,13,0,0
3.25,245.13,19.83,0,0
3.125,238.0883,13.923,0,0
3.375,227.69,21.9175,0,0
3.375,259.3967,20.8022,0,0
2.875,212.83,34.3,0,0
3.75,338.8067,38.5939,0,0
3.625,309.9333,23.3372,0,0
2.875,195.3967,30.6962,0,0
3.125,276.875,20.475,0,0
2.875,254.475,6.555,0,0
3,275.9,14.11,0,0
3.25,297.11,14.6,0,0
3.375,315.245,45.6018,0,0
3.625,289.7917,36.5335,0,0
2.25,120.58,8.99,0,0
3.75,269.825,39.8284,0,0
2.75,250.815,27.265,0,0
2.875,262.7,13.28,0,0
3.25,232.8933,11.3834,0,0
2.875,243.155,38.435,0,0
2.75,231.5767,13.1771,0,0
3.25,307.5833,25.3474,0,0
3.625,296.06,31.1521,0,0
3,196.76,21.4556,0,0
3.875,261.39,52.1889,0,0
2.625,235.315,14.105,0,0
3.625,268.59,37.1247,0,0
3.75,297.7133,45.8296,0,0
3.125,261.95,21.66,0,0
3.25,307.03,30.68,0,0
3.875,292.8183,18.2208,0,0
3,216,30.89,0,0
3.625,256.885,52.739,0,0
3.375,411.7883,27.517,0,0
1.875,80.76,14.54,0,0
3.5,246.6633,25.5609,0,0
3.375,236.505,28.005,0,0
3,266.225,18.465,0,0
3.125,210.54,25.2,0,0
3.75,261.2967,54.1057,0,0
2,131.345,3.005,0,0
3.25,235.1383,21.947,0,0
2.875,270.395,10.525,0,0
3,252.05,11.61,0,0
4.25,260.4,49.8105,0,0
2.875,282.6633,5.3242,0,0
3,258.49,14.72,0,0
2.375,258.105,0.215,0,0
2.625,262.38,4.42,0,0
2.625,276.81,10.27,0,0
2.625,280.015,10.445,0,0
3.25,181.7783,18.6285,0,0
3,231.915,23.445,0,0
3.625,302.475,35.5895,0,0
4.5,263.16,58.8241,0,0
3.125,175.215,18.7552,0,0
3.5,245.085,31.572,0,0
3.25,323.7533,23.0806,0,0
3,255.72,17.56,0,0
4,291.7583,23.6261,0,0
4.125,246.7817,48.4771,0,0
2.875,255.325,6.975,0,0
2.5,148.62,15.03,0,0
2.875,242.6017,22.7969,0,0
2.75,186.395,10.975,0,0
3.875,284.975,55.4497,0,0
3.25,240.1117,4.3925,0,0
3,229.745,13.995,0,0
4,284.4333,45.5255,0,0
3.5,322.7383,41.4232,0,0
2.625,282.84,1.77,0,0
2.375,222.525,6.465,0,0
4,280.11,58.2377,0,0
2.5,225.805,14.695,0,0
3.125,162.0733,10.309,0,0
2.625,202.495,15.025,0,0
2.75,224.73,12.92,0,0
3.125,219.105,59.985,0,0
2.875,298.92,2.17,0,0
3.75,339.6467,65.9542,0,0
3.25,233.4083,15.4312,0,0
3.875,233.3,20.7258,0,0
4.625,246.9117,58.7359,0,0
3,229.5083,45.0481,0,0
4.125,251.5767,54.9114,0,0
3.125,256.5233,28.7966,0,0
2.5,246.92,18.37,0,0
4.125,246.46,33.6764,0,0
3.25,216.49,20.9833,0,0
4.125,291.9367,54.5909,0,0
2.75,247.52,24.45,0,0
3.375,246.72,31.4058,0,0
1.75,128.35,0,0,0
2.5,195.285,1.335,0,0
3.25,218.1933,39.4532,0,0
3.875,266.7333,55.3839,0,0
3.25,278.0367,24.9217,0,0
3.625,197.6683,32.4074,0,0
3,278.755,14.715,0,0
2,155.565,4.965,0,0
4.125,239.875,42.4787,0,0
4.375,270.1783,49.8771,0,0
3.625,217.155,22.5231,0,0
3.125,250.265,15.315,0,0
3.25,229.16,15.63,0,0
4.75,238.6783,34.2618,0,0
2.75,205.2,3.62,0,0
1.75,114.755,12.015,0,0
2.375,192.155,12.845,0,0
2.75,202.105,3.705,0,0
1.5,42.13,0,0,0
2.625,188.485,14.495,0,0
3.125,236.5767,25.2972,0,0
3.875,260.0833,36.8899,0,0
3.125,206.995,15.285,0,0
3.75,314.7767,76.9688,0,0
3.5,249.6917,24.7752,0,0
4,286.4283,62.443,0,0
3.375,206.63,17.6053,0,0
3.25,212.4183,29.7138,0,0
3.375,213.54,11.91,0,0
3.875,264.305,41.7178,0,0
3.125,246.0967,15.9218,0,0
1.875,93.975,1.595,0,0
2.75,255,6.01,0,0
2.75,201.02,9.8,0,0
2.375,196.235,1.025,0,0
1.5,62.83,0,0,0
3.875,278.4917,56.9254,0,0
3,195.7083,16.5781,0,0
3.75,256.0283,17.4311,0,0
4.125,265.4033,45.2053,0,0
3.375,270.39,12.3122,0,0
2.5,166.865,13.355,0,0
2.75,192.235,15.605,0,0
2.125,130.655,1.765,0,0
3,234.4217,16.8975,0,0
3.625,318.67,46.908,0,0
3.25,240.595,16.925,0,0
3.125,166.0933,13.9463,0,0
3,282.125,19.075,0,0
2.5,244.215,7.455,0,0
3.75,233.5133,16.4979,0,0
2.5,178.675,30.005,0,0
3.625,353.25,55.485,0,0
2.875,226.11,20.6,0,0
2.125,213.29,0,0,0
2.625,154.8217,12.4367,0,0
3.125,193.38,8.7094,0,0
3.5,278.8017,21.9125,0,0
2.625,179.225,13.245,0,0
4.25,270.6833,66.2012,0,0
3.625,267.4417,17.2178,0,0
2.25,181.44,4.42,0,0
3,217.31,23.8247,0,0
2.625,237.425,4.185,0,0
3.125,217.575,32.765,0,0
3,231.155,18.915,0,0
3.75,310.5967,47.7322,0,0
3,324.42,35.1,0,0
3.375,258.41,20.5406,0,0
2.875,291.3983,8.2008,0,0
2.875,422.715,20.005,0,0
2.75,305.295,11.085,0,0
2.75,145.8983,26.7516,0,0
4,289.2367,28.0107,0,0
3.5,246.2333,36.2495,0,0
3.75,301.3833,34.5922,0,0
2.875,277.21,9.59,0,0
4.25,277.715,34.2419,0,0
3.875,268.9733,47.3423,0,0
1.875,94.075,0.955,0,0
3.25,245.6617,21.222,0,0
2.375,147.68,5.9,0,0
3.25,197.4,13.8563,0,0
3.625,221.71,23.1879,0,0
3.875,264.3683,60.9142,0,0
3.75,280.955,67.055,0,0
2.875,251.07,22.82,0,0
3.25,243.3283,20.0109,0,0
3.5,265.3033,51.2395,0,0
3,284.76,9.32,0,0
2.875,194.12,23.72,0,0
3.625,212.1967,26.3635,0,0
1.5,71.05,0,0,0
2.375,195.895,2.795,0,0
2.5,240.125,6.135,0,0
4.125,265.235,65.3782,0,0
4.75,254.8667,47.7545,0,0
2.875,235.9883,12.0265,0,0
2.75,207.435,33.255,0,0
2.5,214.66,8.19,0,0
3.75,291.955,52.835,0,0
4.375,247.8375,57.9561,0,0
3.625,305.0633,34.6838,0,0
2.5,226.395,11.815,0,0
3.75,287.7967,48.377,0,0
2.75,206.08,2.6,0,0
3.25,206.88,22.81,0,0
3.125,251.3983,22.7182,0,0
2.625,246.955,10.935,0,0
3.375,262.6917,20.409,0,0
3.25,270.6467,26.4045,0,0
3.625,280.69,18.7037,0,0
3.125,244.26,25.58,0,0
2.125,154.185,3.835,0,0
2.875,226.37,21.31,0,0
2.75,270.64,16.1,0,0
2.375,230.225,14.315,0,0
3.375,256.375,22.525,0,0
3.375,286.9433,28.8364,0,0
2.5,180.845,2.395,0,0
3.125,255.915,25.505,0,0
3,231.675,5.145,0,0
2.875,295.6567,3.6107,0,0
1.625,75.765,3.635,0,0
2.875,218.255,8.335,0,0
3.75,272.0533,32.5906,0,0
3.625,243.58,40.6878,0,0
1.875,137.37,0,0,0
3.625,307.7317,39.813,0,0
1.75,67.575,10.235,0,0
3.5,351.895,59.9617,0,0
3.375,225.9167,30.8395,0,0
3.875,216.935,28.9454,0,0
2.875,202.325,8.395,0,0
3.25,267.0083,16.7553,0,0
3.125,244.4,22.3,0,0
2.625,184.24,1.64,0,0
3.375,255.13,44.06,0,0
2.875,160.99,8.65,0,0
3,248.695,16.845,0,0
3.75,271.2533,48.2475,0,0
3.5,320.8217,28.6343,0,0
3.5,302.385,31.8546,0,0
2.875,249.065,6.565,0,0
3.625,298.53,99.03,0,0
4,271.8967,38.5685,0,0
2.25,230.43,0,0,0
3.75,288.8733,48.7926,0,0
3,272.635,37.015,0,0
4.25,243.8483,43.3572,0,0
3.5,341.1683,36.9453,0,0
3.75,328.8167,25.1677,0,0
3,284.57,4.4614,0,0
4,268.2317,62.4462,0,0
3,276.52,11.41,0,0
3.5,330.235,56.725,0,0
2.75,209.25,6.12,0,0
2.875,216.31,18.85,0,0
4,263.4333,22.1843,0,0
3.625,203.8133,23.6322,0,0
3.875,308.67,74.3793,0,0
2.875,218.975,12.255,0,0
2.5,183.425,9.985,0,0
3.25,277.32,35.88,0,0
3,246.005,18.0079,0,0
2.875,260.945,25.085,0,0
3.625,340.215,33.359,0,0
3.25,214.2133,40.5553,0,0
3.625,343.335,49.7047,0,0
2.25,167.81,6.95,0,0
4.125,229.94,30.9084,0,0
2.625,347.16,4.09,0,0
3.5,345.4783,47.7549,0,0
3.5,228.6967,21.3437,0,0
3.75,262.5683,34.436,0,0
3.75,206.615,19.9971,0,0
2.875,222.91,8.96,0,0
4.25,261.51,49.7015,0,0
3.25,416.7217,41.9251,0,0
2.75,206.31,1.7822,0,0
3.625,263.385,35.445,0,0
3.375,346.155,32.135,0,0
3.875,293.2583,44.4303,0,0
4,279.4317,87.9281,0,0
3.875,218.895,16.4111,0,0
3,245.735,32.875,0,0
2.625,271.625,7.195,0,0
3.75,274.9983,44.2194,0,0
4,279.905,37.2106,0,0
2.5,209.14,10.3,0,0
3.375,268.1883,44.7981,0,0
2.75,243.605,5.405,0,0
3.25,242.375,9.274,0,0
2.75,220.37,13.14,0,0
3.125,222.535,52.105,0,0
3.5,252.27,30.9484,0,0
3.25,282.0383,20.2207,0,0
2.25,142.5217,4.6567,0,0
3.375,284.06,19.5458,0,0
3.125,273.8117,37.0516,0,0
3.5,222.825,16.9052,0,0
3.75,271.505,36.3238,0,0
3.125,284.185,29.365,0,0
3.25,284.3433,38.2119,0,0
3.5,280.485,44.9934,0,0
3.75,299.0183,50.8719,0,0
3.875,270.3967,38.1499,0,0
2.875,194.935,39.595,0,0
2.625,222.92,8.49,0,0
2.375,189.195,7.055,0,0
3.5,334.18,55.9822,0,0
3.375,238.435,14.8046,0,0
3.5,297.7617,22.1753,0,0
3.25,254.775,24.245,0,0
3,248,29.37,0,0
3.25,237.045,21.4976,0,0
3.375,265.5867,14.6109,0,0
3.5,213.5,20.0602,0,0
2.75,257.38,9.15,0,0
2.375,164.59,5.4,0,0
3.5,271.035,30.3471,0,0
1.75,68.44,0.34,0,0
3.375,329.91,42.5043,0,0
2.875,260.6,20.49,0,0
3.625,295.0133,52.3895,0,0
2.875,266.6467,2.9937,0,0
3.125,188.4717,33.5382,0,0
4,274.3417,32.6208,0,0
3.375,287.145,22.4077,0,0
3.75,230.9267,33.0362,0,0
2.625,228.46,11.42,0,0
2.625,232.315,18.955,0,0
4.125,254.675,42.308,0,0
4.25,280.4608,37.7341,0,0
2.375,159.75,8.8,0,0
3.875,298.555,30.4426,0,0
3.875,323.9833,46.5115,0,0
3,251.84,32.77,0,0
2.5,167.325,6.765,0,0
2.25,165.93,0.04,0,0
3.5,287.4117,17.6781,0,0
3.75,247.77,31.6447,0,0
3.125,202.57,15.367,0,0
2.75,197.205,10.955,0,0
3.125,271.58,34.82,0,0
2.875,187.185,20.655,0,0
2.875,206.825,9.275,0,0
2.875,281.1233,6.0131,0,0
3.125,254.54,10.23,0,0
3,226.32,13,0,0
3.75,311.0683,30.6728,0,0
2.75,223.745,7.645,0,0
2.75,205.17,8.41,0,0
4.25,257.9033,44.8804,0,0
3.25,278.375,36.375,0,0
3.125,247.1617,31.193,0,0
3.875,285.7117,41.6484,0,0
3.75,287.3783,36.3651,0,0
2.875,238.095,6.935,0,0
3.875,259.3783,44.411,0,0
3.125,205.33,9.03,0,0
3.875,289.3883,43.9649,0,0
4.375,239.9833,31.2511,0,0
3,267.82,14.04,0,0
3.25,275.41,28.5064,0,0
2.5,330.305,4.415,0,0
3.75,282.225,59.305,0,0
3,199.85,30.58,0,0
2.875,198.025,11.375,0,0
2.25,180.45,9.49,0,0
2.375,174.745,1.865,0,0
2.5,257.1,7.1,0,0
3.875,313.3733,32.4767,0,0
2.5,230.54,10.16,0,0
3.625,243.8633,45.3915,0,0
3.125,406.215,26.7024,0,0
4,248.3717,21.9345,0,0
2.375,154.1,19.53,0,0
3,256.66,18.27,0,0
4.125,272.545,63.3083,0,0
3.5,265.515,30.222,0,0
3.75,269.6183,31.5148,0,0
3.25,262.5267,8.7089,0,0
3.875,271.94,48.0695,0,0
3.375,224.44,36.13,0,0
3.875,292.055,52.7107,0,0
3.75,306.2,41.78,0,0
3.625,311.3067,38.356,0,0
2.125,178.38,0,0,0
2.5,215.91,6.93,0,0
3.375,364.1833,56.7194,0,0
3.875,257.1583,30.6113,0,0
3.375,304.53,34.37,0,0
2.5,263.015,11.255,0,0
2.875,273.085,12.375,0,0
3.375,226.995,15.4785,0,0
2.25,162.53,13.45,0,0
3,271.41,12.41,0,0
3.25,217.8283,19.4864,0,0
3.75,284.915,30.1077,0,0
2.875,239.885,10.145,0,0
1.875,90.135,5.345,0,0
2.625,262.955,0.985,0,0
3.375,279.215,42.585,0,0
3,432.36,40.7,0,0
4.25,278.3783,49.3418,0,0
2.75,211.275,4.515,0,0
3,296.565,18.575,0,0
3,281.68,15.54,0,0
3.25,194.2817,8.2081,0,0
3,250.3083,24.7707,0,0
3.875,263.36,59.1659,0,0
1.5,53.605,5.015,0,0
3.5,357.675,35.2288,0,0
3.625,240.7283,31.3779,0,0
3.375,230.96,20.3707,0,0
3,266.05,6.11,0,0
2.75,250.27,9.31,0,0
3.25,220.68,16.5299,0,0
2.625,289.17,16.62,0,0
3.25,190.28,18.89,0,0
3.25,449.58,34.673,0,0
3.375,329.43,31.3882,0,0
2.75,294.8133,12.2979,0,0
2.625,227.995,7.115,0,0
2.75,271.395,6.905,0,0
3.125,269.06,19.96,0,0
2.75,373.345,26.705,0,0
2.75,271.855,6.245,0,0
2.5,172.01,10.0992,0,0
3.5,274.01,27.586,0,0
3,243.2,17.13,0,0
2.875,251.96,6.78,0,0
2.75,208.47,10.36,0,0
2.75,265.765,11.645,0,0
3.125,239.825,23.085,0,0
3.375,305.1733,35.2461,0,0
3.125,303.615,51.415,0,0
3.625,306.485,37.0999,0,0
4,270.2817,59.2798,0,0
3.625,234.6067,27.5153,0,0
3.75,318.61,41.2484,0,0
2.625,180.265,3.255,0,0
3,198.495,15.4247,0,0
2.5,171.8567,2.2292,0,0
3.375,253.3,20,0,0
4.625,214.0567,18.4809,0,0
2.875,263.045,8.665,0,0
2.875,214.27,11.91,0,0
2.5,273.52,5.3,0,0
2.75,207.13,6.99,0,0
2.125,192.99,6.35,0,0
3.5,230.67,21.4195,0,0
1.625,84.26,0,0,0
2.5,215.48,4.52,0,0
3.25,177.1783,22.4148,0,0
4,331.1367,31.9702,0,0
4,276.7767,45.5243,0,0
3.625,281.21,30.5494,0,0
1.25,18.7,0,0,0
4.25,279.905,72.8406,0,0
2.5,273.885,6.855,0,0
3.5,331.8917,32.4817,0,0
3.75,262.3183,29.9441,0,0
3.25,269.7,23.67,0,0
3.375,331.5883,31.0159,0,0
3.75,274.39,47.41,0,0
3.25,339.7633,20.9501,0,0
3,205.775,11.375,0,0
2.875,213.865,13.935,0,0
3.625,227.0617,13.2132,0,0
4.125,282.0283,44.5323,0,0
4,258.6933,42.8452,0,0
2.5,212.655,3.015,0,0
3.375,316.72,41.29,0,0
3.125,180.095,32.925,0,0
4,298.0817,52.3002,0,0
3.25,242.435,18.425,0,0
3.5,309.925,40.4397,0,0
3.25,225.615,13.345,0,0
2.5,218.115,8.625,0,0
3,285.765,25.595,0,0
3.625,333.47,67.9508,0,0
3,261.4967,2.7121,0,0
4.125,268.145,54.2673,0,0
4.25,260.0467,60.8162,0,0
3,186.14,16.7089,0,0
2.875,269.995,7.925,0,0
3.125,289.6617,19.4183,0,0
2.125,161.43,3.51,0,0
2.75,172.8033,18.0001,0,0
4.25,265.4283,44.5331,0,0
2.375,189.64,8.38,0,0
3.875,308.9683,35.5564,0,0
3.125,248.255,13.865,0,0
3.75,296.83,43.8119,0,0
1.75,63.91,13.15,0,0
3.125,255.8,12.13,0,0
4.375,264.585,69.0875,0,0
3.375,244.0383,11.0515,0,0
3.25,357.705,28.4874,0,0
2.5,166.385,1.475,0,0
3.5,334.99,38.31,0,0
2.75,260.5533,12.6116,0,0
2.625,207.58,22.904,0,0
3.875,257.68,64.5465,0,0
4,267.9933,32.3978,0,0
3.5,237.245,18.095,0,0
3.125,250.6967,14.6243,0,0
3.625,325.7733,39.1387,0,0
2.75,240.1,28.61,0,0
2.875,239.395,20.825,0,0
3.125,228.68,32.77,0,0
3.875,310.4533,60.769,0,0
2.875,227.53,20.6,0,0
4.125,256.01,46.8494,0,0
2.625,271.39,9.23,0,0
2.625,263.44,7.07,0,0
3.375,309.4833,15.5468,0,0
3.875,283.92,41.8189,0,0
3.75,294.525,47.1085,0,0
2.75,229.545,32.205,0,0
2.875,216.685,9.2105,0,0
3.5,250.12,32.13,0,0
2.75,198.8217,7.6422,0,0
3.75,315.055,78.3294,0,0
3.125,315.915,41.335,0,0
2.75,246.085,21.335,0,0
3.5,283.645,47.5541,0,0
3.375,349.055,43.055,0,0
3.25,311.7533,46.7362,0,0
2.75,191.535,11.845,0,0
3.5,334.335,55.6164,0,0
2.875,192.9017,4.9741,0,0
3.375,228.2917,37.3114,0,0
2.75,289.51,1.78,0,0
4,250.9517,50.1437,0,0
2.25,238.57,3.73,0,0
3.5,392.3667,37.5683,0,0
3.5,277.5817,29.6666,0,0
3.125,307.635,24.395,0,0
3.25,240.7,7.73,0,0
4,256.1817,22.4533,0,0
2.75,177.6,24.62,0,0
2.875,218.57,12.16,0,0
2.625,190.6033,6.4223,0,0
3,275.185,6.225,0,0
4.625,235.6925,44.2405,0,0
3.75,322.3733,63.1353,0,0
3.375,233.88,19.76,0,0
3.375,354.5067,36.4324,0,0
3.25,360.225,12.445,0,0
2.625,193.92,30.31,0,0
4,255.7817,41.7759,0,0
4.125,288.11,28.4429,0,0
3.375,234.32,15.0082,0,0
3,221.56,9.43,0,0
2.875,202.035,11.215,0,0
3.75,307.92,44.3339,0,0
4.25,261.9083,72.018,0,0
2.75,240.005,7.125,0,0
3.875,298.8067,46.4572,0,0
2.75,237.18,5.9,0,0
3.375,258.1883,22.2498,0,0
2.625,281.44,10.13,0,0
1.5,64.93,0,0,0
3.5,310.655,26.7984,0,0
3,331.8633,16.0482,0,0
3,257.055,15.275,0,0
1.875,142.45,0,0,0
3.75,301.055,117.885,0,0
2.25,169.375,9.335,0,0
3,318.3917,17.9164,0,0
4.5,235.495,36.1751,0,0
2.875,245.93,2.1,0,0
2.875,234.155,24.495,0,0
3.75,291.145,99.985,0,0
2.375,176.05,4.05,0,0
2.75,231.785,6.375,0,0
4.375,254.8,29.7876,0,0
3.25,245.8683,18.77,0,0
3,219.305,3.765,0,0
3,196.62,18.38,0,0
3,207.5983,14.8573,0,0
3.125,240.41,20.34,0,0
3,281.32,7.12,0,0
2.75,245.1417,20.6906,0,0
2.875,237.86,13.1,0,0
2.875,238.715,14.255,0,0
3,274.545,30.475,0,0
3.5,261.1967,34.5956,0,0
3.75,259.3567,57.2479,0,0
2.625,159.55,15,0,0
3.625,330.7,34.7184,0,0
3,278.52,11.1025,0,0
2.375,141.11,16.56,0,0
3.625,240.9183,22.6244,0,0
3.625,340.25,50.2886,0,0
2.75,166.83,13.23,0,0
3.625,304.495,22.3548,0,0
2.625,198.6933,14.8667,0,0
4.125,268.9617,48.5038,0,0
2.875,218.865,12.995,0,0
3.75,309.195,23.4891,0,0
3,252.91,7.6,0,0
3.125,246.9717,18.4527,0,0
4,317.7783,53.7294,0,0
